fy,abbr,state,County,County 2,"County, State",Local Board,type,count,aveWage,MedianWageByCounty
FY 2020,AL,Alabama,* State Total,* State Total,"* State Total, AL",State,Active Apprentices,3011,15.30,15.00
FY 2021,AL,Alabama,* State Total,* State Total,"* State Total, AL",State,Active Apprentices,2659,15.37,14.48
FY 2022,AL,Alabama,* State Total,* State Total,"* State Total, AL",State,Active Apprentices,2665,15.97,15.00
FY 2023,AL,Alabama,* State Total,* State Total,"* State Total, AL",State,Active Apprentices,3374,16.91,15.00
FY 2024,AL,Alabama,* State Total,* State Total,"* State Total, AL",State,Active Apprentices,4063,17.69,15.00
FY 2025,AL,Alabama,* State Total,* State Total,"* State Total, AL",State,Active Apprentices,4204,18.16,16.00
FY 2026,AL,Alabama,* State Total,* State Total,"* State Total, AL",State,Active Apprentices,4237,18.30,16.00
FY 2020,AK,Alaska,* State Total,* State Total,"* State Total, AK",State,Active Apprentices,1765,20.83,20.00
FY 2021,AK,Alaska,* State Total,* State Total,"* State Total, AK",State,Active Apprentices,1854,20.81,20.00
FY 2022,AK,Alaska,* State Total,* State Total,"* State Total, AK",State,Active Apprentices,1946,21.48,20.83
FY 2023,AK,Alaska,* State Total,* State Total,"* State Total, AK",State,Active Apprentices,1989,22.20,21.68
FY 2024,AK,Alaska,* State Total,* State Total,"* State Total, AK",State,Active Apprentices,2174,23.21,24.32
FY 2025,AK,Alaska,* State Total,* State Total,"* State Total, AK",State,Active Apprentices,2436,24.93,25.00
FY 2026,AK,Alaska,* State Total,* State Total,"* State Total, AK",State,Active Apprentices,2470,25.27,25.00
FY 2020,AZ,Arizona,* State Total,* State Total,"* State Total, AZ",State,Active Apprentices,5076,17.26,18.13
FY 2021,AZ,Arizona,* State Total,* State Total,"* State Total, AZ",State,Active Apprentices,4996,17.64,16.68
FY 2022,AZ,Arizona,* State Total,* State Total,"* State Total, AZ",State,Active Apprentices,5535,18.26,17.15
FY 2023,AZ,Arizona,* State Total,* State Total,"* State Total, AZ",State,Active Apprentices,6878,18.81,17.90
FY 2024,AZ,Arizona,* State Total,* State Total,"* State Total, AZ",State,Active Apprentices,8111,19.73,19.15
FY 2025,AZ,Arizona,* State Total,* State Total,"* State Total, AZ",State,Active Apprentices,8948,20.09,19.19
FY 2026,AZ,Arizona,* State Total,* State Total,"* State Total, AZ",State,Active Apprentices,9656,20.52,21.00
FY 2020,AR,Arkansas,* State Total,* State Total,"* State Total, AR",State,Active Apprentices,5714,13.14,12.00
FY 2021,AR,Arkansas,* State Total,* State Total,"* State Total, AR",State,Active Apprentices,6617,13.47,12.00
FY 2022,AR,Arkansas,* State Total,* State Total,"* State Total, AR",State,Active Apprentices,7133,14.07,13.00
FY 2023,AR,Arkansas,* State Total,* State Total,"* State Total, AR",State,Active Apprentices,7734,15.08,14.00
FY 2024,AR,Arkansas,* State Total,* State Total,"* State Total, AR",State,Active Apprentices,9873,16.23,15.00
FY 2025,AR,Arkansas,* State Total,* State Total,"* State Total, AR",State,Active Apprentices,9697,16.40,15.00
FY 2026,AR,Arkansas,* State Total,* State Total,"* State Total, AR",State,Active Apprentices,9323,16.56,15.00
FY 2020,CA,California,* State Total,* State Total,"* State Total, CA",State,Active Apprentices,73838,20.32,17.33
FY 2021,CA,California,* State Total,* State Total,"* State Total, CA",State,Active Apprentices,72059,20.50,17.68
FY 2022,CA,California,* State Total,* State Total,"* State Total, CA",State,Active Apprentices,73718,20.64,18.16
FY 2023,CA,California,* State Total,* State Total,"* State Total, CA",State,Active Apprentices,75859,21.18,20.50
FY 2024,CA,California,* State Total,* State Total,"* State Total, CA",State,Active Apprentices,76224,21.92,21.13
FY 2025,CA,California,* State Total,* State Total,"* State Total, CA",State,Active Apprentices,77731,22.64,21.83
FY 2026,CA,California,* State Total,* State Total,"* State Total, CA",State,Active Apprentices,76767,22.84,22.12
FY 2020,CO,Colorado,* State Total,* State Total,"* State Total, CO",State,Active Apprentices,5811,17.53,20.59
FY 2021,CO,Colorado,* State Total,* State Total,"* State Total, CO",State,Active Apprentices,5514,18.35,19.99
FY 2022,CO,Colorado,* State Total,* State Total,"* State Total, CO",State,Active Apprentices,5594,19.68,20.05
FY 2023,CO,Colorado,* State Total,* State Total,"* State Total, CO",State,Active Apprentices,6715,20.66,20.00
FY 2024,CO,Colorado,* State Total,* State Total,"* State Total, CO",State,Active Apprentices,7573,21.65,20.76
FY 2025,CO,Colorado,* State Total,* State Total,"* State Total, CO",State,Active Apprentices,9889,21.99,21.50
FY 2026,CO,Colorado,* State Total,* State Total,"* State Total, CO",State,Active Apprentices,10231,22.35,21.87
FY 2020,CT,Connecticut,* State Total,* State Total,"* State Total, CT",State,Active Apprentices,5669,23.73,22.12
FY 2021,CT,Connecticut,* State Total,* State Total,"* State Total, CT",State,Active Apprentices,5743,22.91,22.62
FY 2022,CT,Connecticut,* State Total,* State Total,"* State Total, CT",State,Active Apprentices,5928,22.25,18.67
FY 2023,CT,Connecticut,* State Total,* State Total,"* State Total, CT",State,Active Apprentices,6190,23.69,20.99
FY 2024,CT,Connecticut,* State Total,* State Total,"* State Total, CT",State,Active Apprentices,6425,27.56,22.44
FY 2025,CT,Connecticut,* State Total,* State Total,"* State Total, CT",State,Active Apprentices,7085,25.64,20.00
FY 2026,CT,Connecticut,* State Total,* State Total,"* State Total, CT",State,Active Apprentices,7290,26.12,20.63
FY 2020,DE,Delaware,* State Total,* State Total,"* State Total, DE",State,Active Apprentices,1270,15.76,14.50
FY 2021,DE,Delaware,* State Total,* State Total,"* State Total, DE",State,Active Apprentices,1471,16.23,14.17
FY 2022,DE,Delaware,* State Total,* State Total,"* State Total, DE",State,Active Apprentices,1528,17.01,15.00
FY 2023,DE,Delaware,* State Total,* State Total,"* State Total, DE",State,Active Apprentices,1545,17.81,17.00
FY 2024,DE,Delaware,* State Total,* State Total,"* State Total, DE",State,Active Apprentices,1663,18.40,17.00
FY 2025,DE,Delaware,* State Total,* State Total,"* State Total, DE",State,Active Apprentices,1893,19.49,18.00
FY 2026,DE,Delaware,* State Total,* State Total,"* State Total, DE",State,Active Apprentices,1836,19.57,18.00
FY 2020,FL,Florida,* State Total,* State Total,"* State Total, FL",State,Active Apprentices,13322,15.52,14.00
FY 2021,FL,Florida,* State Total,* State Total,"* State Total, FL",State,Active Apprentices,12559,15.79,14.25
FY 2022,FL,Florida,* State Total,* State Total,"* State Total, FL",State,Active Apprentices,12981,16.70,15.41
FY 2023,FL,Florida,* State Total,* State Total,"* State Total, FL",State,Active Apprentices,14491,18.28,16.33
FY 2024,FL,Florida,* State Total,* State Total,"* State Total, FL",State,Active Apprentices,17834,19.72,17.91
FY 2025,FL,Florida,* State Total,* State Total,"* State Total, FL",State,Active Apprentices,20391,20.56,19.25
FY 2026,FL,Florida,* State Total,* State Total,"* State Total, FL",State,Active Apprentices,20511,20.59,19.25
FY 2020,GA,Georgia,* State Total,* State Total,"* State Total, GA",State,Active Apprentices,11495,14.93,14.42
FY 2021,GA,Georgia,* State Total,* State Total,"* State Total, GA",State,Active Apprentices,12617,15.04,15.00
FY 2022,GA,Georgia,* State Total,* State Total,"* State Total, GA",State,Active Apprentices,12171,14.80,15.50
FY 2023,GA,Georgia,* State Total,* State Total,"* State Total, GA",State,Active Apprentices,10538,15.79,16.00
FY 2024,GA,Georgia,* State Total,* State Total,"* State Total, GA",State,Active Apprentices,8701,17.65,18.09
FY 2025,GA,Georgia,* State Total,* State Total,"* State Total, GA",State,Active Apprentices,10544,18.80,18.95
FY 2026,GA,Georgia,* State Total,* State Total,"* State Total, GA",State,Active Apprentices,11788,19.15,19.00
FY 2020,HI,Hawaii,* State Total,* State Total,"* State Total, HI",State,Active Apprentices,7174,18.07,25.63
FY 2021,HI,Hawaii,* State Total,* State Total,"* State Total, HI",State,Active Apprentices,7272,18.32,26.27
FY 2022,HI,Hawaii,* State Total,* State Total,"* State Total, HI",State,Active Apprentices,6492,18.61,26.43
FY 2023,HI,Hawaii,* State Total,* State Total,"* State Total, HI",State,Active Apprentices,5989,19.30,36.59
FY 2024,HI,Hawaii,* State Total,* State Total,"* State Total, HI",State,Active Apprentices,6020,20.14,37.16
FY 2025,HI,Hawaii,* State Total,* State Total,"* State Total, HI",State,Active Apprentices,6080,20.74,38.33
FY 2026,HI,Hawaii,* State Total,* State Total,"* State Total, HI",State,Active Apprentices,5887,21.09,38.60
FY 2020,ID,Idaho,* State Total,* State Total,"* State Total, ID",State,Active Apprentices,2665,16.52,16.00
FY 2021,ID,Idaho,* State Total,* State Total,"* State Total, ID",State,Active Apprentices,2680,16.62,15.71
FY 2022,ID,Idaho,* State Total,* State Total,"* State Total, ID",State,Active Apprentices,2904,17.21,15.00
FY 2023,ID,Idaho,* State Total,* State Total,"* State Total, ID",State,Active Apprentices,3387,17.47,15.00
FY 2024,ID,Idaho,* State Total,* State Total,"* State Total, ID",State,Active Apprentices,3516,18.28,15.62
FY 2025,ID,Idaho,* State Total,* State Total,"* State Total, ID",State,Active Apprentices,3897,20.00,16.55
FY 2026,ID,Idaho,* State Total,* State Total,"* State Total, ID",State,Active Apprentices,4348,20.96,16.55
FY 2020,IL,Illinois,* State Total,* State Total,"* State Total, IL",State,Active Apprentices,17475,20.61,17.45
FY 2021,IL,Illinois,* State Total,* State Total,"* State Total, IL",State,Active Apprentices,17498,20.87,17.50
FY 2022,IL,Illinois,* State Total,* State Total,"* State Total, IL",State,Active Apprentices,19310,21.14,17.90
FY 2023,IL,Illinois,* State Total,* State Total,"* State Total, IL",State,Active Apprentices,20579,21.76,17.77
FY 2024,IL,Illinois,* State Total,* State Total,"* State Total, IL",State,Active Apprentices,21900,22.39,17.88
FY 2025,IL,Illinois,* State Total,* State Total,"* State Total, IL",State,Active Apprentices,23904,23.11,18.56
FY 2026,IL,Illinois,* State Total,* State Total,"* State Total, IL",State,Active Apprentices,23888,23.19,18.50
FY 2020,IN,Indiana,* State Total,* State Total,"* State Total, IN",State,Active Apprentices,19278,15.73,17.32
FY 2021,IN,Indiana,* State Total,* State Total,"* State Total, IN",State,Active Apprentices,21346,15.88,17.34
FY 2022,IN,Indiana,* State Total,* State Total,"* State Total, IN",State,Active Apprentices,22663,16.50,18.00
FY 2023,IN,Indiana,* State Total,* State Total,"* State Total, IN",State,Active Apprentices,23332,19.46,19.84
FY 2024,IN,Indiana,* State Total,* State Total,"* State Total, IN",State,Active Apprentices,25311,17.63,20.15
FY 2025,IN,Indiana,* State Total,* State Total,"* State Total, IN",State,Active Apprentices,25371,18.52,20.92
FY 2026,IN,Indiana,* State Total,* State Total,"* State Total, IN",State,Active Apprentices,25513,18.50,21.50
FY 2020,IA,Iowa,* State Total,* State Total,"* State Total, IA",State,Active Apprentices,6757,17.58,15.00
FY 2021,IA,Iowa,* State Total,* State Total,"* State Total, IA",State,Active Apprentices,7510,18.47,15.00
FY 2022,IA,Iowa,* State Total,* State Total,"* State Total, IA",State,Active Apprentices,8652,18.71,15.50
FY 2023,IA,Iowa,* State Total,* State Total,"* State Total, IA",State,Active Apprentices,9378,19.30,15.20
FY 2024,IA,Iowa,* State Total,* State Total,"* State Total, IA",State,Active Apprentices,9173,19.74,16.72
FY 2025,IA,Iowa,* State Total,* State Total,"* State Total, IA",State,Active Apprentices,9312,20.98,16.75
FY 2026,IA,Iowa,* State Total,* State Total,"* State Total, IA",State,Active Apprentices,9476,21.97,17.25
FY 2020,KS,Kansas,* State Total,* State Total,"* State Total, KS",State,Active Apprentices,1900,16.29,18.00
FY 2021,KS,Kansas,* State Total,* State Total,"* State Total, KS",State,Active Apprentices,2003,16.92,18.27
FY 2022,KS,Kansas,* State Total,* State Total,"* State Total, KS",State,Active Apprentices,2126,17.73,18.97
FY 2023,KS,Kansas,* State Total,* State Total,"* State Total, KS",State,Active Apprentices,2281,18.29,19.50
FY 2024,KS,Kansas,* State Total,* State Total,"* State Total, KS",State,Active Apprentices,2793,19.63,19.74
FY 2025,KS,Kansas,* State Total,* State Total,"* State Total, KS",State,Active Apprentices,3740,20.03,20.00
FY 2026,KS,Kansas,* State Total,* State Total,"* State Total, KS",State,Active Apprentices,3766,19.85,20.00
FY 2020,KY,Kentucky,* State Total,* State Total,"* State Total, KY",State,Active Apprentices,5048,16.99,14.00
FY 2021,KY,Kentucky,* State Total,* State Total,"* State Total, KY",State,Active Apprentices,5147,17.39,14.00
FY 2022,KY,Kentucky,* State Total,* State Total,"* State Total, KY",State,Active Apprentices,5887,18.13,16.12
FY 2023,KY,Kentucky,* State Total,* State Total,"* State Total, KY",State,Active Apprentices,6830,18.62,17.50
FY 2024,KY,Kentucky,* State Total,* State Total,"* State Total, KY",State,Active Apprentices,7576,19.42,17.00
FY 2025,KY,Kentucky,* State Total,* State Total,"* State Total, KY",State,Active Apprentices,7175,19.90,17.00
FY 2026,KY,Kentucky,* State Total,* State Total,"* State Total, KY",State,Active Apprentices,7212,19.89,17.00
FY 2020,LA,Louisiana,* State Total,* State Total,"* State Total, LA",State,Active Apprentices,3393,14.93,13.05
FY 2021,LA,Louisiana,* State Total,* State Total,"* State Total, LA",State,Active Apprentices,3527,15.43,13.19
FY 2022,LA,Louisiana,* State Total,* State Total,"* State Total, LA",State,Active Apprentices,3833,16.31,13.41
FY 2023,LA,Louisiana,* State Total,* State Total,"* State Total, LA",State,Active Apprentices,4144,17.03,13.86
FY 2024,LA,Louisiana,* State Total,* State Total,"* State Total, LA",State,Active Apprentices,4061,16.80,13.94
FY 2025,LA,Louisiana,* State Total,* State Total,"* State Total, LA",State,Active Apprentices,4386,17.42,15.82
FY 2026,LA,Louisiana,* State Total,* State Total,"* State Total, LA",State,Active Apprentices,4473,17.75,16.50
FY 2020,ME,Maine,* State Total,* State Total,"* State Total, ME",State,Active Apprentices,785,17.15,15.05
FY 2021,ME,Maine,* State Total,* State Total,"* State Total, ME",State,Active Apprentices,966,17.40,16.25
FY 2022,ME,Maine,* State Total,* State Total,"* State Total, ME",State,Active Apprentices,974,18.00,17.06
FY 2023,ME,Maine,* State Total,* State Total,"* State Total, ME",State,Active Apprentices,1224,18.61,17.50
FY 2024,ME,Maine,* State Total,* State Total,"* State Total, ME",State,Active Apprentices,1360,20.64,17.25
FY 2025,ME,Maine,* State Total,* State Total,"* State Total, ME",State,Active Apprentices,1692,21.23,19.28
FY 2026,ME,Maine,* State Total,* State Total,"* State Total, ME",State,Active Apprentices,1653,21.29,19.28
FY 2020,MD,Maryland,* State Total,* State Total,"* State Total, MD",State,Active Apprentices,18116,16.60,13.89
FY 2021,MD,Maryland,* State Total,* State Total,"* State Total, MD",State,Active Apprentices,18098,17.20,14.57
FY 2022,MD,Maryland,* State Total,* State Total,"* State Total, MD",State,Active Apprentices,17668,17.84,15.12
FY 2023,MD,Maryland,* State Total,* State Total,"* State Total, MD",State,Active Apprentices,18107,18.31,16.00
FY 2024,MD,Maryland,* State Total,* State Total,"* State Total, MD",State,Active Apprentices,20471,18.81,16.00
FY 2025,MD,Maryland,* State Total,* State Total,"* State Total, MD",State,Active Apprentices,21120,19.90,17.11
FY 2026,MD,Maryland,* State Total,* State Total,"* State Total, MD",State,Active Apprentices,20924,20.17,17.21
FY 2020,MA,Massachusetts,* State Total,* State Total,"* State Total, MA",State,Active Apprentices,9266,18.02,16.50
FY 2021,MA,Massachusetts,* State Total,* State Total,"* State Total, MA",State,Active Apprentices,9810,19.53,15.75
FY 2022,MA,Massachusetts,* State Total,* State Total,"* State Total, MA",State,Active Apprentices,9479,20.42,15.85
FY 2023,MA,Massachusetts,* State Total,* State Total,"* State Total, MA",State,Active Apprentices,9139,20.82,15.85
FY 2024,MA,Massachusetts,* State Total,* State Total,"* State Total, MA",State,Active Apprentices,8136,21.13,17.12
FY 2025,MA,Massachusetts,* State Total,* State Total,"* State Total, MA",State,Active Apprentices,9469,21.81,16.52
FY 2026,MA,Massachusetts,* State Total,* State Total,"* State Total, MA",State,Active Apprentices,9751,21.90,16.52
FY 2020,MI,Michigan,* State Total,* State Total,"* State Total, MI",State,Active Apprentices,17868,17.27,16.00
FY 2021,MI,Michigan,* State Total,* State Total,"* State Total, MI",State,Active Apprentices,18259,18.21,16.75
FY 2022,MI,Michigan,* State Total,* State Total,"* State Total, MI",State,Active Apprentices,17956,18.34,16.94
FY 2023,MI,Michigan,* State Total,* State Total,"* State Total, MI",State,Active Apprentices,18574,19.69,17.82
FY 2024,MI,Michigan,* State Total,* State Total,"* State Total, MI",State,Active Apprentices,20950,20.52,18.47
FY 2025,MI,Michigan,* State Total,* State Total,"* State Total, MI",State,Active Apprentices,23307,21.01,19.00
FY 2026,MI,Michigan,* State Total,* State Total,"* State Total, MI",State,Active Apprentices,23581,21.24,19.00
FY 2020,MN,Minnesota,* State Total,* State Total,"* State Total, MN",State,Active Apprentices,11328,22.09,24.09
FY 2021,MN,Minnesota,* State Total,* State Total,"* State Total, MN",State,Active Apprentices,10789,22.76,24.47
FY 2022,MN,Minnesota,* State Total,* State Total,"* State Total, MN",State,Active Apprentices,11080,23.47,24.14
FY 2023,MN,Minnesota,* State Total,* State Total,"* State Total, MN",State,Active Apprentices,11614,24.61,23.68
FY 2024,MN,Minnesota,* State Total,* State Total,"* State Total, MN",State,Active Apprentices,11326,26.26,24.97
FY 2025,MN,Minnesota,* State Total,* State Total,"* State Total, MN",State,Active Apprentices,12639,27.60,25.10
FY 2026,MN,Minnesota,* State Total,* State Total,"* State Total, MN",State,Active Apprentices,12103,27.85,26.37
FY 2020,MS,Mississippi,* State Total,* State Total,"* State Total, MS",State,Active Apprentices,1918,15.56,14.14
FY 2021,MS,Mississippi,* State Total,* State Total,"* State Total, MS",State,Active Apprentices,2010,14.79,13.93
FY 2022,MS,Mississippi,* State Total,* State Total,"* State Total, MS",State,Active Apprentices,2773,16.83,14.07
FY 2023,MS,Mississippi,* State Total,* State Total,"* State Total, MS",State,Active Apprentices,3890,17.93,16.00
FY 2024,MS,Mississippi,* State Total,* State Total,"* State Total, MS",State,Active Apprentices,3460,18.75,15.75
FY 2025,MS,Mississippi,* State Total,* State Total,"* State Total, MS",State,Active Apprentices,3948,19.23,17.75
FY 2026,MS,Mississippi,* State Total,* State Total,"* State Total, MS",State,Active Apprentices,3586,19.51,18.00
FY 2020,MO,Missouri,* State Total,* State Total,"* State Total, MO",State,Active Apprentices,13251,17.96,15.07
FY 2021,MO,Missouri,* State Total,* State Total,"* State Total, MO",State,Active Apprentices,13910,18.45,15.05
FY 2022,MO,Missouri,* State Total,* State Total,"* State Total, MO",State,Active Apprentices,16626,19.08,16.00
FY 2023,MO,Missouri,* State Total,* State Total,"* State Total, MO",State,Active Apprentices,19012,20.23,17.95
FY 2024,MO,Missouri,* State Total,* State Total,"* State Total, MO",State,Active Apprentices,21775,20.53,17.10
FY 2025,MO,Missouri,* State Total,* State Total,"* State Total, MO",State,Active Apprentices,22079,21.11,17.00
FY 2026,MO,Missouri,* State Total,* State Total,"* State Total, MO",State,Active Apprentices,22077,21.18,17.00
FY 2020,MT,Montana,* State Total,* State Total,"* State Total, MT",State,Active Apprentices,1631,16.73,16.00
FY 2021,MT,Montana,* State Total,* State Total,"* State Total, MT",State,Active Apprentices,1645,17.01,16.00
FY 2022,MT,Montana,* State Total,* State Total,"* State Total, MT",State,Active Apprentices,1831,18.20,17.26
FY 2023,MT,Montana,* State Total,* State Total,"* State Total, MT",State,Active Apprentices,1997,19.38,18.00
FY 2024,MT,Montana,* State Total,* State Total,"* State Total, MT",State,Active Apprentices,2280,20.37,18.14
FY 2025,MT,Montana,* State Total,* State Total,"* State Total, MT",State,Active Apprentices,2399,21.17,19.00
FY 2026,MT,Montana,* State Total,* State Total,"* State Total, MT",State,Active Apprentices,2557,21.45,20.00
FY 2020,NE,Nebraska,* State Total,* State Total,"* State Total, NE",State,Active Apprentices,3605,13.77,16.54
FY 2021,NE,Nebraska,* State Total,* State Total,"* State Total, NE",State,Active Apprentices,3746,14.05,17.00
FY 2022,NE,Nebraska,* State Total,* State Total,"* State Total, NE",State,Active Apprentices,4031,14.33,17.75
FY 2023,NE,Nebraska,* State Total,* State Total,"* State Total, NE",State,Active Apprentices,4275,16.75,22.38
FY 2024,NE,Nebraska,* State Total,* State Total,"* State Total, NE",State,Active Apprentices,4190,19.83,23.68
FY 2025,NE,Nebraska,* State Total,* State Total,"* State Total, NE",State,Active Apprentices,4824,19.62,23.50
FY 2026,NE,Nebraska,* State Total,* State Total,"* State Total, NE",State,Active Apprentices,4661,19.89,23.50
FY 2020,NV,Nevada,* State Total,* State Total,"* State Total, NV",State,Active Apprentices,5195,19.80,18.24
FY 2021,NV,Nevada,* State Total,* State Total,"* State Total, NV",State,Active Apprentices,5161,19.96,18.74
FY 2022,NV,Nevada,* State Total,* State Total,"* State Total, NV",State,Active Apprentices,5128,20.98,19.00
FY 2023,NV,Nevada,* State Total,* State Total,"* State Total, NV",State,Active Apprentices,6009,22.00,19.59
FY 2024,NV,Nevada,* State Total,* State Total,"* State Total, NV",State,Active Apprentices,6404,21.33,20.30
FY 2025,NV,Nevada,* State Total,* State Total,"* State Total, NV",State,Active Apprentices,8158,21.52,21.00
FY 2026,NV,Nevada,* State Total,* State Total,"* State Total, NV",State,Active Apprentices,8419,21.65,21.07
FY 2020,NH,New Hampshire,* State Total,* State Total,"* State Total, NH",State,Active Apprentices,2862,17.16,14.50
FY 2021,NH,New Hampshire,* State Total,* State Total,"* State Total, NH",State,Active Apprentices,2768,17.15,15.00
FY 2022,NH,New Hampshire,* State Total,* State Total,"* State Total, NH",State,Active Apprentices,2835,17.69,15.10
FY 2023,NH,New Hampshire,* State Total,* State Total,"* State Total, NH",State,Active Apprentices,3039,18.39,16.00
FY 2024,NH,New Hampshire,* State Total,* State Total,"* State Total, NH",State,Active Apprentices,3355,19.47,17.00
FY 2025,NH,New Hampshire,* State Total,* State Total,"* State Total, NH",State,Active Apprentices,3485,19.59,17.50
FY 2026,NH,New Hampshire,* State Total,* State Total,"* State Total, NH",State,Active Apprentices,3519,19.83,17.50
FY 2020,NJ,New Jersey,* State Total,* State Total,"* State Total, NJ",State,Active Apprentices,7408,18.59,17.26
FY 2021,NJ,New Jersey,* State Total,* State Total,"* State Total, NJ",State,Active Apprentices,7997,19.80,17.00
FY 2022,NJ,New Jersey,* State Total,* State Total,"* State Total, NJ",State,Active Apprentices,8278,20.62,17.00
FY 2023,NJ,New Jersey,* State Total,* State Total,"* State Total, NJ",State,Active Apprentices,9035,21.65,17.69
FY 2024,NJ,New Jersey,* State Total,* State Total,"* State Total, NJ",State,Active Apprentices,9492,22.38,18.39
FY 2025,NJ,New Jersey,* State Total,* State Total,"* State Total, NJ",State,Active Apprentices,10885,23.21,19.72
FY 2026,NJ,New Jersey,* State Total,* State Total,"* State Total, NJ",State,Active Apprentices,11081,23.15,19.72
FY 2020,NM,New Mexico,* State Total,* State Total,"* State Total, NM",State,Active Apprentices,2085,16.71,15.10
FY 2021,NM,New Mexico,* State Total,* State Total,"* State Total, NM",State,Active Apprentices,2120,17.28,16.57
FY 2022,NM,New Mexico,* State Total,* State Total,"* State Total, NM",State,Active Apprentices,2356,17.74,18.50
FY 2023,NM,New Mexico,* State Total,* State Total,"* State Total, NM",State,Active Apprentices,2905,18.45,17.25
FY 2024,NM,New Mexico,* State Total,* State Total,"* State Total, NM",State,Active Apprentices,2976,19.38,17.51
FY 2025,NM,New Mexico,* State Total,* State Total,"* State Total, NM",State,Active Apprentices,3308,19.64,17.80
FY 2026,NM,New Mexico,* State Total,* State Total,"* State Total, NM",State,Active Apprentices,3404,20.07,17.80
FY 2020,NY,New York,* State Total,* State Total,"* State Total, NY",State,Active Apprentices,15282,20.81,18.14
FY 2021,NY,New York,* State Total,* State Total,"* State Total, NY",State,Active Apprentices,15516,21.67,20.95
FY 2022,NY,New York,* State Total,* State Total,"* State Total, NY",State,Active Apprentices,15394,21.81,19.91
FY 2023,NY,New York,* State Total,* State Total,"* State Total, NY",State,Active Apprentices,15876,23.61,20.81
FY 2024,NY,New York,* State Total,* State Total,"* State Total, NY",State,Active Apprentices,16894,23.69,19.61
FY 2025,NY,New York,* State Total,* State Total,"* State Total, NY",State,Active Apprentices,19427,24.14,20.50
FY 2026,NY,New York,* State Total,* State Total,"* State Total, NY",State,Active Apprentices,19272,24.28,23.00
FY 2020,NC,North Carolina,* State Total,* State Total,"* State Total, NC",State,Active Apprentices,11252,14.71,11.44
FY 2021,NC,North Carolina,* State Total,* State Total,"* State Total, NC",State,Active Apprentices,9248,14.55,12.00
FY 2022,NC,North Carolina,* State Total,* State Total,"* State Total, NC",State,Active Apprentices,10080,15.26,12.60
FY 2023,NC,North Carolina,* State Total,* State Total,"* State Total, NC",State,Active Apprentices,11264,16.01,13.53
FY 2024,NC,North Carolina,* State Total,* State Total,"* State Total, NC",State,Active Apprentices,10999,16.29,14.00
FY 2025,NC,North Carolina,* State Total,* State Total,"* State Total, NC",State,Active Apprentices,11707,17.48,15.00
FY 2026,NC,North Carolina,* State Total,* State Total,"* State Total, NC",State,Active Apprentices,11952,17.59,15.44
FY 2020,ND,North Dakota,* State Total,* State Total,"* State Total, ND",State,Active Apprentices,929,20.84,24.30
FY 2021,ND,North Dakota,* State Total,* State Total,"* State Total, ND",State,Active Apprentices,953,20.68,25.43
FY 2022,ND,North Dakota,* State Total,* State Total,"* State Total, ND",State,Active Apprentices,1060,21.42,28.00
FY 2023,ND,North Dakota,* State Total,* State Total,"* State Total, ND",State,Active Apprentices,1155,21.70,27.00
FY 2024,ND,North Dakota,* State Total,* State Total,"* State Total, ND",State,Active Apprentices,1522,21.22,25.65
FY 2025,ND,North Dakota,* State Total,* State Total,"* State Total, ND",State,Active Apprentices,1975,20.87,27.22
FY 2026,ND,North Dakota,* State Total,* State Total,"* State Total, ND",State,Active Apprentices,1905,21.10,26.47
FY 2020,OH,Ohio,* State Total,* State Total,"* State Total, OH",State,Active Apprentices,21848,16.73,17.25
FY 2021,OH,Ohio,* State Total,* State Total,"* State Total, OH",State,Active Apprentices,22055,17.29,17.30
FY 2022,OH,Ohio,* State Total,* State Total,"* State Total, OH",State,Active Apprentices,23723,17.93,17.43
FY 2023,OH,Ohio,* State Total,* State Total,"* State Total, OH",State,Active Apprentices,23960,18.57,18.88
FY 2024,OH,Ohio,* State Total,* State Total,"* State Total, OH",State,Active Apprentices,25928,19.52,19.59
FY 2025,OH,Ohio,* State Total,* State Total,"* State Total, OH",State,Active Apprentices,29251,20.40,20.14
FY 2026,OH,Ohio,* State Total,* State Total,"* State Total, OH",State,Active Apprentices,26000,20.81,20.63
FY 2020,OK,Oklahoma,* State Total,* State Total,"* State Total, OK",State,Active Apprentices,1755,17.92,17.36
FY 2021,OK,Oklahoma,* State Total,* State Total,"* State Total, OK",State,Active Apprentices,1696,18.37,18.23
FY 2022,OK,Oklahoma,* State Total,* State Total,"* State Total, OK",State,Active Apprentices,1563,18.54,17.45
FY 2023,OK,Oklahoma,* State Total,* State Total,"* State Total, OK",State,Active Apprentices,1873,19.97,18.25
FY 2024,OK,Oklahoma,* State Total,* State Total,"* State Total, OK",State,Active Apprentices,2226,20.24,18.11
FY 2025,OK,Oklahoma,* State Total,* State Total,"* State Total, OK",State,Active Apprentices,2341,20.37,18.23
FY 2026,OK,Oklahoma,* State Total,* State Total,"* State Total, OK",State,Active Apprentices,2413,20.52,18.62
FY 2020,OR,Oregon,* State Total,* State Total,"* State Total, OR",State,Active Apprentices,10381,25.64,23.91
FY 2021,OR,Oregon,* State Total,* State Total,"* State Total, OR",State,Active Apprentices,10470,25.54,23.92
FY 2022,OR,Oregon,* State Total,* State Total,"* State Total, OR",State,Active Apprentices,10636,25.38,24.61
FY 2023,OR,Oregon,* State Total,* State Total,"* State Total, OR",State,Active Apprentices,10489,25.22,22.78
FY 2024,OR,Oregon,* State Total,* State Total,"* State Total, OR",State,Active Apprentices,10389,25.60,23.33
FY 2025,OR,Oregon,* State Total,* State Total,"* State Total, OR",State,Active Apprentices,9777,25.33,23.89
FY 2026,OR,Oregon,* State Total,* State Total,"* State Total, OR",State,Active Apprentices,9542,25.30,23.89
FY 2020,PA,Pennsylvania,* State Total,* State Total,"* State Total, PA",State,Active Apprentices,17466,17.82,15.09
FY 2021,PA,Pennsylvania,* State Total,* State Total,"* State Total, PA",State,Active Apprentices,17592,17.96,15.64
FY 2022,PA,Pennsylvania,* State Total,* State Total,"* State Total, PA",State,Active Apprentices,17237,18.47,16.50
FY 2023,PA,Pennsylvania,* State Total,* State Total,"* State Total, PA",State,Active Apprentices,17241,19.10,17.64
FY 2024,PA,Pennsylvania,* State Total,* State Total,"* State Total, PA",State,Active Apprentices,16340,20.14,17.51
FY 2025,PA,Pennsylvania,* State Total,* State Total,"* State Total, PA",State,Active Apprentices,16443,21.00,18.05
FY 2026,PA,Pennsylvania,* State Total,* State Total,"* State Total, PA",State,Active Apprentices,16607,21.12,18.00
FY 2020,RI,Rhode Island,* State Total,* State Total,"* State Total, RI",State,Active Apprentices,2035,16.35,15.00
FY 2021,RI,Rhode Island,* State Total,* State Total,"* State Total, RI",State,Active Apprentices,2154,17.00,16.00
FY 2022,RI,Rhode Island,* State Total,* State Total,"* State Total, RI",State,Active Apprentices,2158,18.04,17.00
FY 2023,RI,Rhode Island,* State Total,* State Total,"* State Total, RI",State,Active Apprentices,2159,19.11,18.00
FY 2024,RI,Rhode Island,* State Total,* State Total,"* State Total, RI",State,Active Apprentices,2251,20.45,19.26
FY 2025,RI,Rhode Island,* State Total,* State Total,"* State Total, RI",State,Active Apprentices,2292,21.42,20.00
FY 2026,RI,Rhode Island,* State Total,* State Total,"* State Total, RI",State,Active Apprentices,2291,21.74,20.59
FY 2020,SC,South Carolina,* State Total,* State Total,"* State Total, SC",State,Active Apprentices,12817,14.43,14.32
FY 2021,SC,South Carolina,* State Total,* State Total,"* State Total, SC",State,Active Apprentices,6806,16.60,15.50
FY 2022,SC,South Carolina,* State Total,* State Total,"* State Total, SC",State,Active Apprentices,7502,16.62,15.09
FY 2023,SC,South Carolina,* State Total,* State Total,"* State Total, SC",State,Active Apprentices,6106,18.14,16.30
FY 2024,SC,South Carolina,* State Total,* State Total,"* State Total, SC",State,Active Apprentices,7013,19.44,16.62
FY 2025,SC,South Carolina,* State Total,* State Total,"* State Total, SC",State,Active Apprentices,7585,19.95,16.40
FY 2026,SC,South Carolina,* State Total,* State Total,"* State Total, SC",State,Active Apprentices,7360,20.43,16.48
FY 2020,SD,South Dakota,* State Total,* State Total,"* State Total, SD",State,Active Apprentices,644,16.75,15.00
FY 2021,SD,South Dakota,* State Total,* State Total,"* State Total, SD",State,Active Apprentices,756,16.82,16.17
FY 2022,SD,South Dakota,* State Total,* State Total,"* State Total, SD",State,Active Apprentices,903,17.99,17.05
FY 2023,SD,South Dakota,* State Total,* State Total,"* State Total, SD",State,Active Apprentices,1266,18.92,16.59
FY 2024,SD,South Dakota,* State Total,* State Total,"* State Total, SD",State,Active Apprentices,1431,19.09,16.59
FY 2025,SD,South Dakota,* State Total,* State Total,"* State Total, SD",State,Active Apprentices,1673,20.20,16.91
FY 2026,SD,South Dakota,* State Total,* State Total,"* State Total, SD",State,Active Apprentices,1595,20.95,18.44
FY 2020,TN,Tennessee,* State Total,* State Total,"* State Total, TN",State,Active Apprentices,5957,15.32,14.06
FY 2021,TN,Tennessee,* State Total,* State Total,"* State Total, TN",State,Active Apprentices,6648,15.32,13.80
FY 2022,TN,Tennessee,* State Total,* State Total,"* State Total, TN",State,Active Apprentices,7221,16.36,15.00
FY 2023,TN,Tennessee,* State Total,* State Total,"* State Total, TN",State,Active Apprentices,11007,17.45,16.50
FY 2024,TN,Tennessee,* State Total,* State Total,"* State Total, TN",State,Active Apprentices,11244,17.82,17.66
FY 2025,TN,Tennessee,* State Total,* State Total,"* State Total, TN",State,Active Apprentices,11244,18.36,18.00
FY 2026,TN,Tennessee,* State Total,* State Total,"* State Total, TN",State,Active Apprentices,11142,18.72,18.00
FY 2020,TX,Texas,* State Total,* State Total,"* State Total, TX",State,Active Apprentices,20258,15.94,15.17
FY 2021,TX,Texas,* State Total,* State Total,"* State Total, TX",State,Active Apprentices,23432,16.10,15.80
FY 2022,TX,Texas,* State Total,* State Total,"* State Total, TX",State,Active Apprentices,25270,16.92,16.19
FY 2023,TX,Texas,* State Total,* State Total,"* State Total, TX",State,Active Apprentices,31233,18.04,17.00
FY 2024,TX,Texas,* State Total,* State Total,"* State Total, TX",State,Active Apprentices,36880,18.57,17.62
FY 2025,TX,Texas,* State Total,* State Total,"* State Total, TX",State,Active Apprentices,40907,18.70,18.00
FY 2026,TX,Texas,* State Total,* State Total,"* State Total, TX",State,Active Apprentices,42528,19.11,18.00
FY 2020,UT,Utah,* State Total,* State Total,"* State Total, UT",State,Active Apprentices,3916,19.50,17.00
FY 2021,UT,Utah,* State Total,* State Total,"* State Total, UT",State,Active Apprentices,4211,20.09,19.00
FY 2022,UT,Utah,* State Total,* State Total,"* State Total, UT",State,Active Apprentices,4214,20.95,18.50
FY 2023,UT,Utah,* State Total,* State Total,"* State Total, UT",State,Active Apprentices,4362,22.01,18.00
FY 2024,UT,Utah,* State Total,* State Total,"* State Total, UT",State,Active Apprentices,4833,23.30,19.00
FY 2025,UT,Utah,* State Total,* State Total,"* State Total, UT",State,Active Apprentices,4938,24.65,20.68
FY 2026,UT,Utah,* State Total,* State Total,"* State Total, UT",State,Active Apprentices,5038,24.57,21.50
FY 2020,VT,Vermont,* State Total,* State Total,"* State Total, VT",State,Active Apprentices,1663,16.61,15.00
FY 2021,VT,Vermont,* State Total,* State Total,"* State Total, VT",State,Active Apprentices,358,17.25,15.50
FY 2022,VT,Vermont,* State Total,* State Total,"* State Total, VT",State,Active Apprentices,93,18.29,17.63
FY 2023,VT,Vermont,* State Total,* State Total,"* State Total, VT",State,Active Apprentices,1314,18.80,18.25
FY 2024,VT,Vermont,* State Total,* State Total,"* State Total, VT",State,Active Apprentices,1632,19.33,20.00
FY 2025,VT,Vermont,* State Total,* State Total,"* State Total, VT",State,Active Apprentices,1641,19.86,20.00
FY 2026,VT,Vermont,* State Total,* State Total,"* State Total, VT",State,Active Apprentices,1663,20.24,20.50
FY 2020,VA,Virginia,* State Total,* State Total,"* State Total, VA",State,Active Apprentices,10127,13.66,11.88
FY 2021,VA,Virginia,* State Total,* State Total,"* State Total, VA",State,Active Apprentices,10835,14.13,12.00
FY 2022,VA,Virginia,* State Total,* State Total,"* State Total, VA",State,Active Apprentices,11482,14.99,12.50
FY 2023,VA,Virginia,* State Total,* State Total,"* State Total, VA",State,Active Apprentices,11081,16.14,14.28
FY 2024,VA,Virginia,* State Total,* State Total,"* State Total, VA",State,Active Apprentices,11842,16.75,15.00
FY 2025,VA,Virginia,* State Total,* State Total,"* State Total, VA",State,Active Apprentices,12736,17.30,15.33
FY 2026,VA,Virginia,* State Total,* State Total,"* State Total, VA",State,Active Apprentices,12022,17.78,16.00
FY 2020,WA,Washington,* State Total,* State Total,"* State Total, WA",State,Active Apprentices,16711,21.31,25.15
FY 2021,WA,Washington,* State Total,* State Total,"* State Total, WA",State,Active Apprentices,18070,22.27,24.53
FY 2022,WA,Washington,* State Total,* State Total,"* State Total, WA",State,Active Apprentices,18329,23.59,24.84
FY 2023,WA,Washington,* State Total,* State Total,"* State Total, WA",State,Active Apprentices,19653,23.71,23.56
FY 2024,WA,Washington,* State Total,* State Total,"* State Total, WA",State,Active Apprentices,22450,24.41,25.38
FY 2025,WA,Washington,* State Total,* State Total,"* State Total, WA",State,Active Apprentices,22710,25.28,26.36
FY 2026,WA,Washington,* State Total,* State Total,"* State Total, WA",State,Active Apprentices,22674,25.46,25.65
FY 2020,WV,West Virginia,* State Total,* State Total,"* State Total, WV",State,Active Apprentices,4527,14.04,14.50
FY 2021,WV,West Virginia,* State Total,* State Total,"* State Total, WV",State,Active Apprentices,5301,14.65,14.50
FY 2022,WV,West Virginia,* State Total,* State Total,"* State Total, WV",State,Active Apprentices,5603,15.09,15.35
FY 2023,WV,West Virginia,* State Total,* State Total,"* State Total, WV",State,Active Apprentices,5325,15.26,15.74
FY 2024,WV,West Virginia,* State Total,* State Total,"* State Total, WV",State,Active Apprentices,4069,16.88,16.72
FY 2025,WV,West Virginia,* State Total,* State Total,"* State Total, WV",State,Active Apprentices,4038,17.72,17.83
FY 2026,WV,West Virginia,* State Total,* State Total,"* State Total, WV",State,Active Apprentices,3832,18.33,17.62
FY 2020,WI,Wisconsin,* State Total,* State Total,"* State Total, WI",State,Active Apprentices,10918,17.90,16.61
FY 2021,WI,Wisconsin,* State Total,* State Total,"* State Total, WI",State,Active Apprentices,11644,17.92,18.60
FY 2022,WI,Wisconsin,* State Total,* State Total,"* State Total, WI",State,Active Apprentices,11983,19.31,19.19
FY 2023,WI,Wisconsin,* State Total,* State Total,"* State Total, WI",State,Active Apprentices,13049,20.52,20.06
FY 2024,WI,Wisconsin,* State Total,* State Total,"* State Total, WI",State,Active Apprentices,14053,21.45,20.12
FY 2025,WI,Wisconsin,* State Total,* State Total,"* State Total, WI",State,Active Apprentices,14916,22.35,21.00
FY 2026,WI,Wisconsin,* State Total,* State Total,"* State Total, WI",State,Active Apprentices,14893,22.50,21.00
FY 2020,WY,Wyoming,* State Total,* State Total,"* State Total, WY",State,Active Apprentices,446,17.55,20.00
FY 2021,WY,Wyoming,* State Total,* State Total,"* State Total, WY",State,Active Apprentices,398,17.87,18.00
FY 2022,WY,Wyoming,* State Total,* State Total,"* State Total, WY",State,Active Apprentices,391,18.59,18.25
FY 2023,WY,Wyoming,* State Total,* State Total,"* State Total, WY",State,Active Apprentices,417,20.13,23.11
FY 2024,WY,Wyoming,* State Total,* State Total,"* State Total, WY",State,Active Apprentices,499,21.93,21.53
FY 2025,WY,Wyoming,* State Total,* State Total,"* State Total, WY",State,Active Apprentices,606,24.53,23.84
FY 2026,WY,Wyoming,* State Total,* State Total,"* State Total, WY",State,Active Apprentices,647,24.17,23.66
FY 2020,PR,Puerto Rico,* State Total,* State Total,"* State Total, PR",State,Active Apprentices,185,10.48,7.62
FY 2021,PR,Puerto Rico,* State Total,* State Total,"* State Total, PR",State,Active Apprentices,413,10.70,8.87
FY 2022,PR,Puerto Rico,* State Total,* State Total,"* State Total, PR",State,Active Apprentices,775,14.59,10.00
FY 2023,PR,Puerto Rico,* State Total,* State Total,"* State Total, PR",State,Active Apprentices,998,13.75,9.50
FY 2024,PR,Puerto Rico,* State Total,* State Total,"* State Total, PR",State,Active Apprentices,1117,14.06,10.57
FY 2025,PR,Puerto Rico,* State Total,* State Total,"* State Total, PR",State,Active Apprentices,1913,15.77,11.18
FY 2026,PR,Puerto Rico,* State Total,* State Total,"* State Total, PR",State,Active Apprentices,2403,15.94,11.75
FY 2020,GU,Guam,* State Total,* State Total,"* State Total, GU",State,Active Apprentices,504,13.51,13.37
FY 2021,GU,Guam,* State Total,* State Total,"* State Total, GU",State,Active Apprentices,542,13.79,14.00
FY 2022,GU,Guam,* State Total,* State Total,"* State Total, GU",State,Active Apprentices,559,13.85,13.50
FY 2023,GU,Guam,* State Total,* State Total,"* State Total, GU",State,Active Apprentices,605,13.78,13.88
FY 2024,GU,Guam,* State Total,* State Total,"* State Total, GU",State,Active Apprentices,697,14.16,14.01
FY 2025,GU,Guam,* State Total,* State Total,"* State Total, GU",State,Active Apprentices,830,14.51,14.01
FY 2026,GU,Guam,* State Total,* State Total,"* State Total, GU",State,Active Apprentices,866,14.46,14.01
FY 2020,AL,Alabama,* State Total,* State Total,"* State Total, AL",State,Completer Apprentices,469,24.84,24.58
FY 2021,AL,Alabama,* State Total,* State Total,"* State Total, AL",State,Completer Apprentices,437,26.46,25.00
FY 2022,AL,Alabama,* State Total,* State Total,"* State Total, AL",State,Completer Apprentices,510,25.34,23.70
FY 2023,AL,Alabama,* State Total,* State Total,"* State Total, AL",State,Completer Apprentices,581,28.25,24.00
FY 2024,AL,Alabama,* State Total,* State Total,"* State Total, AL",State,Completer Apprentices,742,27.06,25.00
FY 2025,AL,Alabama,* State Total,* State Total,"* State Total, AL",State,Completer Apprentices,852,27.18,25.40
FY 2026,AL,Alabama,* State Total,* State Total,"* State Total, AL",State,Completer Apprentices,373,28.13,25.50
FY 2020,AK,Alaska,* State Total,* State Total,"* State Total, AK",State,Completer Apprentices,314,33.27,36.00
FY 2021,AK,Alaska,* State Total,* State Total,"* State Total, AK",State,Completer Apprentices,251,35.51,20.78
FY 2022,AK,Alaska,* State Total,* State Total,"* State Total, AK",State,Completer Apprentices,288,34.45,28.57
FY 2023,AK,Alaska,* State Total,* State Total,"* State Total, AK",State,Completer Apprentices,331,34.69,35.94
FY 2024,AK,Alaska,* State Total,* State Total,"* State Total, AK",State,Completer Apprentices,358,37.21,35.00
FY 2025,AK,Alaska,* State Total,* State Total,"* State Total, AK",State,Completer Apprentices,451,38.25,37.12
FY 2026,AK,Alaska,* State Total,* State Total,"* State Total, AK",State,Completer Apprentices,148,43.44,40.80
FY 2020,AZ,Arizona,* State Total,* State Total,"* State Total, AZ",State,Completer Apprentices,596,27.20,25.63
FY 2021,AZ,Arizona,* State Total,* State Total,"* State Total, AZ",State,Completer Apprentices,799,29.40,28.25
FY 2022,AZ,Arizona,* State Total,* State Total,"* State Total, AZ",State,Completer Apprentices,947,31.92,31.92
FY 2023,AZ,Arizona,* State Total,* State Total,"* State Total, AZ",State,Completer Apprentices,1012,32.48,33.41
FY 2024,AZ,Arizona,* State Total,* State Total,"* State Total, AZ",State,Completer Apprentices,1102,32.52,31.34
FY 2025,AZ,Arizona,* State Total,* State Total,"* State Total, AZ",State,Completer Apprentices,1169,34.10,29.50
FY 2026,AZ,Arizona,* State Total,* State Total,"* State Total, AZ",State,Completer Apprentices,464,34.65,29.55
FY 2020,AR,Arkansas,* State Total,* State Total,"* State Total, AR",State,Completer Apprentices,483,20.51,20.00
FY 2021,AR,Arkansas,* State Total,* State Total,"* State Total, AR",State,Completer Apprentices,728,21.68,19.76
FY 2022,AR,Arkansas,* State Total,* State Total,"* State Total, AR",State,Completer Apprentices,734,23.38,20.00
FY 2023,AR,Arkansas,* State Total,* State Total,"* State Total, AR",State,Completer Apprentices,878,23.63,22.00
FY 2024,AR,Arkansas,* State Total,* State Total,"* State Total, AR",State,Completer Apprentices,801,25.17,22.00
FY 2025,AR,Arkansas,* State Total,* State Total,"* State Total, AR",State,Completer Apprentices,1742,29.71,23.00
FY 2026,AR,Arkansas,* State Total,* State Total,"* State Total, AR",State,Completer Apprentices,604,24.30,23.87
FY 2020,CA,California,* State Total,* State Total,"* State Total, CA",State,Completer Apprentices,12238,36.05,38.21
FY 2021,CA,California,* State Total,* State Total,"* State Total, CA",State,Completer Apprentices,14049,37.33,37.77
FY 2022,CA,California,* State Total,* State Total,"* State Total, CA",State,Completer Apprentices,13917,38.12,40.08
FY 2023,CA,California,* State Total,* State Total,"* State Total, CA",State,Completer Apprentices,15273,39.24,37.61
FY 2024,CA,California,* State Total,* State Total,"* State Total, CA",State,Completer Apprentices,16295,39.11,42.91
FY 2025,CA,California,* State Total,* State Total,"* State Total, CA",State,Completer Apprentices,16024,39.95,40.80
FY 2026,CA,California,* State Total,* State Total,"* State Total, CA",State,Completer Apprentices,5149,43.87,40.41
FY 2020,CO,Colorado,* State Total,* State Total,"* State Total, CO",State,Completer Apprentices,926,30.43,37.04
FY 2021,CO,Colorado,* State Total,* State Total,"* State Total, CO",State,Completer Apprentices,967,30.89,30.48
FY 2022,CO,Colorado,* State Total,* State Total,"* State Total, CO",State,Completer Apprentices,1051,32.43,32.00
FY 2023,CO,Colorado,* State Total,* State Total,"* State Total, CO",State,Completer Apprentices,1020,32.91,38.50
FY 2024,CO,Colorado,* State Total,* State Total,"* State Total, CO",State,Completer Apprentices,1043,34.07,33.94
FY 2025,CO,Colorado,* State Total,* State Total,"* State Total, CO",State,Completer Apprentices,1197,33.62,37.00
FY 2026,CO,Colorado,* State Total,* State Total,"* State Total, CO",State,Completer Apprentices,500,32.75,35.10
FY 2020,CT,Connecticut,* State Total,* State Total,"* State Total, CT",State,Completer Apprentices,1468,29.04,22.00
FY 2021,CT,Connecticut,* State Total,* State Total,"* State Total, CT",State,Completer Apprentices,1729,28.25,22.00
FY 2022,CT,Connecticut,* State Total,* State Total,"* State Total, CT",State,Completer Apprentices,1568,27.80,22.25
FY 2023,CT,Connecticut,* State Total,* State Total,"* State Total, CT",State,Completer Apprentices,1646,27.15,22.00
FY 2024,CT,Connecticut,* State Total,* State Total,"* State Total, CT",State,Completer Apprentices,1675,28.31,22.00
FY 2025,CT,Connecticut,* State Total,* State Total,"* State Total, CT",State,Completer Apprentices,908,27.59,23.00
FY 2026,CT,Connecticut,* State Total,* State Total,"* State Total, CT",State,Completer Apprentices,73,35.01,41.73
FY 2020,DE,Delaware,* State Total,* State Total,"* State Total, DE",State,Completer Apprentices,60,27.64,22.94
FY 2021,DE,Delaware,* State Total,* State Total,"* State Total, DE",State,Completer Apprentices,173,26.24,20.00
FY 2022,DE,Delaware,* State Total,* State Total,"* State Total, DE",State,Completer Apprentices,228,28.42,22.97
FY 2023,DE,Delaware,* State Total,* State Total,"* State Total, DE",State,Completer Apprentices,245,28.82,23.00
FY 2024,DE,Delaware,* State Total,* State Total,"* State Total, DE",State,Completer Apprentices,189,29.84,27.00
FY 2025,DE,Delaware,* State Total,* State Total,"* State Total, DE",State,Completer Apprentices,247,32.31,26.00
FY 2026,DE,Delaware,* State Total,* State Total,"* State Total, DE",State,Completer Apprentices,97,27.60,26.50
FY 2020,FL,Florida,* State Total,* State Total,"* State Total, FL",State,Completer Apprentices,1912,23.14,20.26
FY 2021,FL,Florida,* State Total,* State Total,"* State Total, FL",State,Completer Apprentices,1894,23.88,20.21
FY 2022,FL,Florida,* State Total,* State Total,"* State Total, FL",State,Completer Apprentices,2100,24.93,22.18
FY 2023,FL,Florida,* State Total,* State Total,"* State Total, FL",State,Completer Apprentices,2213,26.90,24.05
FY 2024,FL,Florida,* State Total,* State Total,"* State Total, FL",State,Completer Apprentices,2378,27.38,22.85
FY 2025,FL,Florida,* State Total,* State Total,"* State Total, FL",State,Completer Apprentices,3450,29.63,26.50
FY 2026,FL,Florida,* State Total,* State Total,"* State Total, FL",State,Completer Apprentices,1173,31.58,28.19
FY 2020,GA,Georgia,* State Total,* State Total,"* State Total, GA",State,Completer Apprentices,1423,22.08,25.41
FY 2021,GA,Georgia,* State Total,* State Total,"* State Total, GA",State,Completer Apprentices,1419,22.74,25.70
FY 2022,GA,Georgia,* State Total,* State Total,"* State Total, GA",State,Completer Apprentices,1695,26.94,26.50
FY 2023,GA,Georgia,* State Total,* State Total,"* State Total, GA",State,Completer Apprentices,1188,28.01,25.64
FY 2024,GA,Georgia,* State Total,* State Total,"* State Total, GA",State,Completer Apprentices,1340,28.11,26.20
FY 2025,GA,Georgia,* State Total,* State Total,"* State Total, GA",State,Completer Apprentices,1592,28.34,25.00
FY 2026,GA,Georgia,* State Total,* State Total,"* State Total, GA",State,Completer Apprentices,368,30.79,28.00
FY 2020,HI,Hawaii,* State Total,* State Total,"* State Total, HI",State,Completer Apprentices,722,38.52,42.70
FY 2021,HI,Hawaii,* State Total,* State Total,"* State Total, HI",State,Completer Apprentices,797,40.11,48.64
FY 2022,HI,Hawaii,* State Total,* State Total,"* State Total, HI",State,Completer Apprentices,765,41.86,48.36
FY 2023,HI,Hawaii,* State Total,* State Total,"* State Total, HI",State,Completer Apprentices,941,39.77,40.00
FY 2024,HI,Hawaii,* State Total,* State Total,"* State Total, HI",State,Completer Apprentices,620,46.56,48.95
FY 2025,HI,Hawaii,* State Total,* State Total,"* State Total, HI",State,Completer Apprentices,633,48.06,58.82
FY 2026,HI,Hawaii,* State Total,* State Total,"* State Total, HI",State,Completer Apprentices,249,47.39,40.25
FY 2020,ID,Idaho,* State Total,* State Total,"* State Total, ID",State,Completer Apprentices,469,23.40,24.00
FY 2021,ID,Idaho,* State Total,* State Total,"* State Total, ID",State,Completer Apprentices,420,26.29,27.63
FY 2022,ID,Idaho,* State Total,* State Total,"* State Total, ID",State,Completer Apprentices,611,25.32,23.50
FY 2023,ID,Idaho,* State Total,* State Total,"* State Total, ID",State,Completer Apprentices,597,26.06,23.00
FY 2024,ID,Idaho,* State Total,* State Total,"* State Total, ID",State,Completer Apprentices,865,26.11,25.19
FY 2025,ID,Idaho,* State Total,* State Total,"* State Total, ID",State,Completer Apprentices,874,28.67,23.50
FY 2026,ID,Idaho,* State Total,* State Total,"* State Total, ID",State,Completer Apprentices,317,29.75,28.00
FY 2020,IL,Illinois,* State Total,* State Total,"* State Total, IL",State,Completer Apprentices,2787,41.83,35.97
FY 2021,IL,Illinois,* State Total,* State Total,"* State Total, IL",State,Completer Apprentices,3354,42.62,38.75
FY 2022,IL,Illinois,* State Total,* State Total,"* State Total, IL",State,Completer Apprentices,3344,44.13,36.83
FY 2023,IL,Illinois,* State Total,* State Total,"* State Total, IL",State,Completer Apprentices,3744,44.68,36.33
FY 2024,IL,Illinois,* State Total,* State Total,"* State Total, IL",State,Completer Apprentices,3944,43.89,36.91
FY 2025,IL,Illinois,* State Total,* State Total,"* State Total, IL",State,Completer Apprentices,3923,43.58,36.17
FY 2026,IL,Illinois,* State Total,* State Total,"* State Total, IL",State,Completer Apprentices,1689,45.13,37.00
FY 2020,IN,Indiana,* State Total,* State Total,"* State Total, IN",State,Completer Apprentices,3201,27.71,28.59
FY 2021,IN,Indiana,* State Total,* State Total,"* State Total, IN",State,Completer Apprentices,3059,28.27,27.12
FY 2022,IN,Indiana,* State Total,* State Total,"* State Total, IN",State,Completer Apprentices,2973,29.42,30.00
FY 2023,IN,Indiana,* State Total,* State Total,"* State Total, IN",State,Completer Apprentices,3032,29.81,30.48
FY 2024,IN,Indiana,* State Total,* State Total,"* State Total, IN",State,Completer Apprentices,2654,31.88,34.59
FY 2025,IN,Indiana,* State Total,* State Total,"* State Total, IN",State,Completer Apprentices,3387,31.53,32.00
FY 2026,IN,Indiana,* State Total,* State Total,"* State Total, IN",State,Completer Apprentices,1158,31.86,33.47
FY 2020,IA,Iowa,* State Total,* State Total,"* State Total, IA",State,Completer Apprentices,1463,29.47,22.00
FY 2021,IA,Iowa,* State Total,* State Total,"* State Total, IA",State,Completer Apprentices,1543,27.64,20.00
FY 2022,IA,Iowa,* State Total,* State Total,"* State Total, IA",State,Completer Apprentices,1746,29.69,22.25
FY 2023,IA,Iowa,* State Total,* State Total,"* State Total, IA",State,Completer Apprentices,1925,30.43,23.00
FY 2024,IA,Iowa,* State Total,* State Total,"* State Total, IA",State,Completer Apprentices,1986,29.58,22.38
FY 2025,IA,Iowa,* State Total,* State Total,"* State Total, IA",State,Completer Apprentices,2283,30.03,25.00
FY 2026,IA,Iowa,* State Total,* State Total,"* State Total, IA",State,Completer Apprentices,971,31.74,25.69
FY 2020,KS,Kansas,* State Total,* State Total,"* State Total, KS",State,Completer Apprentices,307,29.02,25.00
FY 2021,KS,Kansas,* State Total,* State Total,"* State Total, KS",State,Completer Apprentices,305,28.99,28.24
FY 2022,KS,Kansas,* State Total,* State Total,"* State Total, KS",State,Completer Apprentices,369,28.81,30.00
FY 2023,KS,Kansas,* State Total,* State Total,"* State Total, KS",State,Completer Apprentices,412,31.70,31.72
FY 2024,KS,Kansas,* State Total,* State Total,"* State Total, KS",State,Completer Apprentices,433,30.91,31.95
FY 2025,KS,Kansas,* State Total,* State Total,"* State Total, KS",State,Completer Apprentices,515,29.80,30.32
FY 2026,KS,Kansas,* State Total,* State Total,"* State Total, KS",State,Completer Apprentices,275,30.61,26.75
FY 2020,KY,Kentucky,* State Total,* State Total,"* State Total, KY",State,Completer Apprentices,774,27.93,26.00
FY 2021,KY,Kentucky,* State Total,* State Total,"* State Total, KY",State,Completer Apprentices,764,28.83,27.24
FY 2022,KY,Kentucky,* State Total,* State Total,"* State Total, KY",State,Completer Apprentices,844,30.07,24.25
FY 2023,KY,Kentucky,* State Total,* State Total,"* State Total, KY",State,Completer Apprentices,1059,29.48,25.00
FY 2024,KY,Kentucky,* State Total,* State Total,"* State Total, KY",State,Completer Apprentices,969,31.16,28.26
FY 2025,KY,Kentucky,* State Total,* State Total,"* State Total, KY",State,Completer Apprentices,1224,31.40,27.13
FY 2026,KY,Kentucky,* State Total,* State Total,"* State Total, KY",State,Completer Apprentices,335,35.17,27.00
FY 2020,LA,Louisiana,* State Total,* State Total,"* State Total, LA",State,Completer Apprentices,424,27.46,23.97
FY 2021,LA,Louisiana,* State Total,* State Total,"* State Total, LA",State,Completer Apprentices,376,22.40,23.07
FY 2022,LA,Louisiana,* State Total,* State Total,"* State Total, LA",State,Completer Apprentices,398,21.91,25.25
FY 2023,LA,Louisiana,* State Total,* State Total,"* State Total, LA",State,Completer Apprentices,487,25.29,25.25
FY 2024,LA,Louisiana,* State Total,* State Total,"* State Total, LA",State,Completer Apprentices,609,32.12,28.98
FY 2025,LA,Louisiana,* State Total,* State Total,"* State Total, LA",State,Completer Apprentices,442,23.19,25.05
FY 2026,LA,Louisiana,* State Total,* State Total,"* State Total, LA",State,Completer Apprentices,111,21.74,24.70
FY 2020,ME,Maine,* State Total,* State Total,"* State Total, ME",State,Completer Apprentices,146,22.07,22.16
FY 2021,ME,Maine,* State Total,* State Total,"* State Total, ME",State,Completer Apprentices,145,24.49,21.01
FY 2022,ME,Maine,* State Total,* State Total,"* State Total, ME",State,Completer Apprentices,153,27.72,27.66
FY 2023,ME,Maine,* State Total,* State Total,"* State Total, ME",State,Completer Apprentices,201,27.88,30.00
FY 2024,ME,Maine,* State Total,* State Total,"* State Total, ME",State,Completer Apprentices,273,28.72,24.00
FY 2025,ME,Maine,* State Total,* State Total,"* State Total, ME",State,Completer Apprentices,276,27.05,22.00
FY 2026,ME,Maine,* State Total,* State Total,"* State Total, ME",State,Completer Apprentices,148,27.23,27.63
FY 2020,MD,Maryland,* State Total,* State Total,"* State Total, MD",State,Completer Apprentices,2306,33.24,25.58
FY 2021,MD,Maryland,* State Total,* State Total,"* State Total, MD",State,Completer Apprentices,2683,33.29,24.26
FY 2022,MD,Maryland,* State Total,* State Total,"* State Total, MD",State,Completer Apprentices,3453,35.97,26.00
FY 2023,MD,Maryland,* State Total,* State Total,"* State Total, MD",State,Completer Apprentices,3310,36.47,28.25
FY 2024,MD,Maryland,* State Total,* State Total,"* State Total, MD",State,Completer Apprentices,3296,38.17,26.73
FY 2025,MD,Maryland,* State Total,* State Total,"* State Total, MD",State,Completer Apprentices,1823,38.69,25.00
FY 2026,MD,Maryland,* State Total,* State Total,"* State Total, MD",State,Completer Apprentices,471,34.95,35.91
FY 2020,MA,Massachusetts,* State Total,* State Total,"* State Total, MA",State,Completer Apprentices,1804,36.53,31.00
FY 2021,MA,Massachusetts,* State Total,* State Total,"* State Total, MA",State,Completer Apprentices,1417,37.13,31.30
FY 2022,MA,Massachusetts,* State Total,* State Total,"* State Total, MA",State,Completer Apprentices,1662,38.12,32.34
FY 2023,MA,Massachusetts,* State Total,* State Total,"* State Total, MA",State,Completer Apprentices,1908,35.19,24.12
FY 2024,MA,Massachusetts,* State Total,* State Total,"* State Total, MA",State,Completer Apprentices,1810,33.25,24.00
FY 2025,MA,Massachusetts,* State Total,* State Total,"* State Total, MA",State,Completer Apprentices,1379,32.75,23.25
FY 2026,MA,Massachusetts,* State Total,* State Total,"* State Total, MA",State,Completer Apprentices,181,40.59,38.65
FY 2020,MI,Michigan,* State Total,* State Total,"* State Total, MI",State,Completer Apprentices,2504,28.13,28.16
FY 2021,MI,Michigan,* State Total,* State Total,"* State Total, MI",State,Completer Apprentices,2731,27.72,25.39
FY 2022,MI,Michigan,* State Total,* State Total,"* State Total, MI",State,Completer Apprentices,2980,29.65,27.50
FY 2023,MI,Michigan,* State Total,* State Total,"* State Total, MI",State,Completer Apprentices,2732,30.93,27.09
FY 2024,MI,Michigan,* State Total,* State Total,"* State Total, MI",State,Completer Apprentices,2617,33.27,29.26
FY 2025,MI,Michigan,* State Total,* State Total,"* State Total, MI",State,Completer Apprentices,3020,33.55,31.84
FY 2026,MI,Michigan,* State Total,* State Total,"* State Total, MI",State,Completer Apprentices,1319,35.04,27.00
FY 2020,MN,Minnesota,* State Total,* State Total,"* State Total, MN",State,Completer Apprentices,1572,33.86,31.67
FY 2021,MN,Minnesota,* State Total,* State Total,"* State Total, MN",State,Completer Apprentices,1879,35.55,32.85
FY 2022,MN,Minnesota,* State Total,* State Total,"* State Total, MN",State,Completer Apprentices,1736,36.61,35.60
FY 2023,MN,Minnesota,* State Total,* State Total,"* State Total, MN",State,Completer Apprentices,1793,40.21,38.11
FY 2024,MN,Minnesota,* State Total,* State Total,"* State Total, MN",State,Completer Apprentices,2023,42.21,39.97
FY 2025,MN,Minnesota,* State Total,* State Total,"* State Total, MN",State,Completer Apprentices,1851,43.49,45.61
FY 2026,MN,Minnesota,* State Total,* State Total,"* State Total, MN",State,Completer Apprentices,647,42.31,45.39
FY 2020,MS,Mississippi,* State Total,* State Total,"* State Total, MS",State,Completer Apprentices,448,24.81,25.42
FY 2021,MS,Mississippi,* State Total,* State Total,"* State Total, MS",State,Completer Apprentices,547,25.14,27.85
FY 2022,MS,Mississippi,* State Total,* State Total,"* State Total, MS",State,Completer Apprentices,507,26.55,28.45
FY 2023,MS,Mississippi,* State Total,* State Total,"* State Total, MS",State,Completer Apprentices,710,26.39,28.65
FY 2024,MS,Mississippi,* State Total,* State Total,"* State Total, MS",State,Completer Apprentices,773,24.36,29.75
FY 2025,MS,Mississippi,* State Total,* State Total,"* State Total, MS",State,Completer Apprentices,659,25.25,27.00
FY 2026,MS,Mississippi,* State Total,* State Total,"* State Total, MS",State,Completer Apprentices,386,26.06,29.15
FY 2020,MO,Missouri,* State Total,* State Total,"* State Total, MO",State,Completer Apprentices,3562,28.20,22.86
FY 2021,MO,Missouri,* State Total,* State Total,"* State Total, MO",State,Completer Apprentices,3281,31.56,27.00
FY 2022,MO,Missouri,* State Total,* State Total,"* State Total, MO",State,Completer Apprentices,3218,31.88,26.73
FY 2023,MO,Missouri,* State Total,* State Total,"* State Total, MO",State,Completer Apprentices,3659,30.60,25.78
FY 2024,MO,Missouri,* State Total,* State Total,"* State Total, MO",State,Completer Apprentices,4040,33.50,28.28
FY 2025,MO,Missouri,* State Total,* State Total,"* State Total, MO",State,Completer Apprentices,5221,29.36,30.00
FY 2026,MO,Missouri,* State Total,* State Total,"* State Total, MO",State,Completer Apprentices,2261,33.98,30.27
FY 2020,MT,Montana,* State Total,* State Total,"* State Total, MT",State,Completer Apprentices,267,25.68,25.00
FY 2021,MT,Montana,* State Total,* State Total,"* State Total, MT",State,Completer Apprentices,317,27.47,26.00
FY 2022,MT,Montana,* State Total,* State Total,"* State Total, MT",State,Completer Apprentices,284,30.40,28.00
FY 2023,MT,Montana,* State Total,* State Total,"* State Total, MT",State,Completer Apprentices,295,32.27,30.66
FY 2024,MT,Montana,* State Total,* State Total,"* State Total, MT",State,Completer Apprentices,306,32.44,30.25
FY 2025,MT,Montana,* State Total,* State Total,"* State Total, MT",State,Completer Apprentices,356,33.47,30.50
FY 2026,MT,Montana,* State Total,* State Total,"* State Total, MT",State,Completer Apprentices,139,33.28,32.00
FY 2020,NE,Nebraska,* State Total,* State Total,"* State Total, NE",State,Completer Apprentices,910,20.91,22.57
FY 2021,NE,Nebraska,* State Total,* State Total,"* State Total, NE",State,Completer Apprentices,597,23.09,29.52
FY 2022,NE,Nebraska,* State Total,* State Total,"* State Total, NE",State,Completer Apprentices,532,25.97,27.84
FY 2023,NE,Nebraska,* State Total,* State Total,"* State Total, NE",State,Completer Apprentices,586,27.40,26.28
FY 2024,NE,Nebraska,* State Total,* State Total,"* State Total, NE",State,Completer Apprentices,1085,23.71,28.19
FY 2025,NE,Nebraska,* State Total,* State Total,"* State Total, NE",State,Completer Apprentices,1179,31.24,32.69
FY 2026,NE,Nebraska,* State Total,* State Total,"* State Total, NE",State,Completer Apprentices,334,26.24,36.33
FY 2020,NV,Nevada,* State Total,* State Total,"* State Total, NV",State,Completer Apprentices,730,33.76,33.16
FY 2021,NV,Nevada,* State Total,* State Total,"* State Total, NV",State,Completer Apprentices,794,36.13,27.54
FY 2022,NV,Nevada,* State Total,* State Total,"* State Total, NV",State,Completer Apprentices,941,39.02,42.39
FY 2023,NV,Nevada,* State Total,* State Total,"* State Total, NV",State,Completer Apprentices,1112,38.92,34.91
FY 2024,NV,Nevada,* State Total,* State Total,"* State Total, NV",State,Completer Apprentices,1062,41.23,32.47
FY 2025,NV,Nevada,* State Total,* State Total,"* State Total, NV",State,Completer Apprentices,1072,39.18,39.50
FY 2026,NV,Nevada,* State Total,* State Total,"* State Total, NV",State,Completer Apprentices,523,39.68,40.90
FY 2020,NH,New Hampshire,* State Total,* State Total,"* State Total, NH",State,Completer Apprentices,537,22.68,20.20
FY 2021,NH,New Hampshire,* State Total,* State Total,"* State Total, NH",State,Completer Apprentices,709,22.95,21.73
FY 2022,NH,New Hampshire,* State Total,* State Total,"* State Total, NH",State,Completer Apprentices,609,24.69,24.09
FY 2023,NH,New Hampshire,* State Total,* State Total,"* State Total, NH",State,Completer Apprentices,570,26.24,25.25
FY 2024,NH,New Hampshire,* State Total,* State Total,"* State Total, NH",State,Completer Apprentices,560,26.44,27.08
FY 2025,NH,New Hampshire,* State Total,* State Total,"* State Total, NH",State,Completer Apprentices,586,27.44,25.00
FY 2026,NH,New Hampshire,* State Total,* State Total,"* State Total, NH",State,Completer Apprentices,232,28.64,26.00
FY 2020,NJ,New Jersey,* State Total,* State Total,"* State Total, NJ",State,Completer Apprentices,1002,39.37,34.11
FY 2021,NJ,New Jersey,* State Total,* State Total,"* State Total, NJ",State,Completer Apprentices,1281,36.46,25.01
FY 2022,NJ,New Jersey,* State Total,* State Total,"* State Total, NJ",State,Completer Apprentices,1707,39.71,30.00
FY 2023,NJ,New Jersey,* State Total,* State Total,"* State Total, NJ",State,Completer Apprentices,2095,37.99,27.88
FY 2024,NJ,New Jersey,* State Total,* State Total,"* State Total, NJ",State,Completer Apprentices,2301,36.43,28.00
FY 2025,NJ,New Jersey,* State Total,* State Total,"* State Total, NJ",State,Completer Apprentices,2280,38.20,33.50
FY 2026,NJ,New Jersey,* State Total,* State Total,"* State Total, NJ",State,Completer Apprentices,967,37.12,30.00
FY 2020,NM,New Mexico,* State Total,* State Total,"* State Total, NM",State,Completer Apprentices,234,32.30,26.38
FY 2021,NM,New Mexico,* State Total,* State Total,"* State Total, NM",State,Completer Apprentices,321,34.54,23.57
FY 2022,NM,New Mexico,* State Total,* State Total,"* State Total, NM",State,Completer Apprentices,336,33.75,29.15
FY 2023,NM,New Mexico,* State Total,* State Total,"* State Total, NM",State,Completer Apprentices,297,34.81,34.69
FY 2024,NM,New Mexico,* State Total,* State Total,"* State Total, NM",State,Completer Apprentices,363,34.97,37.34
FY 2025,NM,New Mexico,* State Total,* State Total,"* State Total, NM",State,Completer Apprentices,207,40.42,26.23
FY 2026,NM,New Mexico,* State Total,* State Total,"* State Total, NM",State,Completer Apprentices,65,49.07,46.54
FY 2020,NY,New York,* State Total,* State Total,"* State Total, NY",State,Completer Apprentices,440,19.64,19.62
FY 2021,NY,New York,* State Total,* State Total,"* State Total, NY",State,Completer Apprentices,2498,24.29,19.23
FY 2022,NY,New York,* State Total,* State Total,"* State Total, NY",State,Completer Apprentices,3146,25.74,21.15
FY 2023,NY,New York,* State Total,* State Total,"* State Total, NY",State,Completer Apprentices,2673,32.90,29.79
FY 2024,NY,New York,* State Total,* State Total,"* State Total, NY",State,Completer Apprentices,2452,32.52,34.72
FY 2025,NY,New York,* State Total,* State Total,"* State Total, NY",State,Completer Apprentices,2071,32.28,32.73
FY 2026,NY,New York,* State Total,* State Total,"* State Total, NY",State,Completer Apprentices,242,28.91,29.37
FY 2020,NC,North Carolina,* State Total,* State Total,"* State Total, NC",State,Completer Apprentices,3442,21.17,18.93
FY 2021,NC,North Carolina,* State Total,* State Total,"* State Total, NC",State,Completer Apprentices,4831,23.11,21.00
FY 2022,NC,North Carolina,* State Total,* State Total,"* State Total, NC",State,Completer Apprentices,1919,24.02,21.20
FY 2023,NC,North Carolina,* State Total,* State Total,"* State Total, NC",State,Completer Apprentices,2612,25.13,22.81
FY 2024,NC,North Carolina,* State Total,* State Total,"* State Total, NC",State,Completer Apprentices,2751,24.47,20.38
FY 2025,NC,North Carolina,* State Total,* State Total,"* State Total, NC",State,Completer Apprentices,3107,25.21,19.05
FY 2026,NC,North Carolina,* State Total,* State Total,"* State Total, NC",State,Completer Apprentices,831,28.35,21.00
FY 2020,ND,North Dakota,* State Total,* State Total,"* State Total, ND",State,Completer Apprentices,143,34.20,42.18
FY 2021,ND,North Dakota,* State Total,* State Total,"* State Total, ND",State,Completer Apprentices,168,36.16,44.62
FY 2022,ND,North Dakota,* State Total,* State Total,"* State Total, ND",State,Completer Apprentices,142,36.66,45.03
FY 2023,ND,North Dakota,* State Total,* State Total,"* State Total, ND",State,Completer Apprentices,147,36.88,48.14
FY 2024,ND,North Dakota,* State Total,* State Total,"* State Total, ND",State,Completer Apprentices,181,38.03,49.16
FY 2025,ND,North Dakota,* State Total,* State Total,"* State Total, ND",State,Completer Apprentices,252,35.64,48.36
FY 2026,ND,North Dakota,* State Total,* State Total,"* State Total, ND",State,Completer Apprentices,98,37.10,51.28
FY 2020,OH,Ohio,* State Total,* State Total,"* State Total, OH",State,Completer Apprentices,3080,30.64,29.39
FY 2021,OH,Ohio,* State Total,* State Total,"* State Total, OH",State,Completer Apprentices,3335,32.26,28.91
FY 2022,OH,Ohio,* State Total,* State Total,"* State Total, OH",State,Completer Apprentices,3461,32.81,28.62
FY 2023,OH,Ohio,* State Total,* State Total,"* State Total, OH",State,Completer Apprentices,3598,33.31,30.15
FY 2024,OH,Ohio,* State Total,* State Total,"* State Total, OH",State,Completer Apprentices,3573,34.43,31.62
FY 2025,OH,Ohio,* State Total,* State Total,"* State Total, OH",State,Completer Apprentices,3980,35.35,31.90
FY 2026,OH,Ohio,* State Total,* State Total,"* State Total, OH",State,Completer Apprentices,1602,36.55,33.90
FY 2020,OK,Oklahoma,* State Total,* State Total,"* State Total, OK",State,Completer Apprentices,240,30.74,28.00
FY 2021,OK,Oklahoma,* State Total,* State Total,"* State Total, OK",State,Completer Apprentices,229,30.31,31.61
FY 2022,OK,Oklahoma,* State Total,* State Total,"* State Total, OK",State,Completer Apprentices,369,31.32,32.24
FY 2023,OK,Oklahoma,* State Total,* State Total,"* State Total, OK",State,Completer Apprentices,302,31.97,31.61
FY 2024,OK,Oklahoma,* State Total,* State Total,"* State Total, OK",State,Completer Apprentices,394,33.87,30.80
FY 2025,OK,Oklahoma,* State Total,* State Total,"* State Total, OK",State,Completer Apprentices,541,34.60,29.00
FY 2026,OK,Oklahoma,* State Total,* State Total,"* State Total, OK",State,Completer Apprentices,208,35.19,33.65
FY 2020,OR,Oregon,* State Total,* State Total,"* State Total, OR",State,Completer Apprentices,1547,47.82,46.28
FY 2021,OR,Oregon,* State Total,* State Total,"* State Total, OR",State,Completer Apprentices,1835,47.03,46.85
FY 2022,OR,Oregon,* State Total,* State Total,"* State Total, OR",State,Completer Apprentices,2245,48.30,45.36
FY 2023,OR,Oregon,* State Total,* State Total,"* State Total, OR",State,Completer Apprentices,2260,48.98,46.85
FY 2024,OR,Oregon,* State Total,* State Total,"* State Total, OR",State,Completer Apprentices,2136,47.99,43.33
FY 2025,OR,Oregon,* State Total,* State Total,"* State Total, OR",State,Completer Apprentices,1861,46.51,46.61
FY 2026,OR,Oregon,* State Total,* State Total,"* State Total, OR",State,Completer Apprentices,391,47.87,44.34
FY 2020,PA,Pennsylvania,* State Total,* State Total,"* State Total, PA",State,Completer Apprentices,2798,36.03,26.71
FY 2021,PA,Pennsylvania,* State Total,* State Total,"* State Total, PA",State,Completer Apprentices,2969,35.54,27.57
FY 2022,PA,Pennsylvania,* State Total,* State Total,"* State Total, PA",State,Completer Apprentices,2945,35.29,27.32
FY 2023,PA,Pennsylvania,* State Total,* State Total,"* State Total, PA",State,Completer Apprentices,3090,35.99,30.88
FY 2024,PA,Pennsylvania,* State Total,* State Total,"* State Total, PA",State,Completer Apprentices,4325,34.21,26.29
FY 2025,PA,Pennsylvania,* State Total,* State Total,"* State Total, PA",State,Completer Apprentices,3773,35.68,29.13
FY 2026,PA,Pennsylvania,* State Total,* State Total,"* State Total, PA",State,Completer Apprentices,1069,37.49,30.64
FY 2020,RI,Rhode Island,* State Total,* State Total,"* State Total, RI",State,Completer Apprentices,389,26.92,23.13
FY 2021,RI,Rhode Island,* State Total,* State Total,"* State Total, RI",State,Completer Apprentices,418,27.43,25.00
FY 2022,RI,Rhode Island,* State Total,* State Total,"* State Total, RI",State,Completer Apprentices,436,26.93,26.00
FY 2023,RI,Rhode Island,* State Total,* State Total,"* State Total, RI",State,Completer Apprentices,554,30.40,24.00
FY 2024,RI,Rhode Island,* State Total,* State Total,"* State Total, RI",State,Completer Apprentices,438,30.76,28.00
FY 2025,RI,Rhode Island,* State Total,* State Total,"* State Total, RI",State,Completer Apprentices,524,33.00,31.00
FY 2026,RI,Rhode Island,* State Total,* State Total,"* State Total, RI",State,Completer Apprentices,159,32.35,27.50
FY 2020,SC,South Carolina,* State Total,* State Total,"* State Total, SC",State,Completer Apprentices,1521,20.89,18.48
FY 2021,SC,South Carolina,* State Total,* State Total,"* State Total, SC",State,Completer Apprentices,7864,23.93,21.39
FY 2022,SC,South Carolina,* State Total,* State Total,"* State Total, SC",State,Completer Apprentices,1936,24.50,20.75
FY 2023,SC,South Carolina,* State Total,* State Total,"* State Total, SC",State,Completer Apprentices,3337,22.53,19.75
FY 2024,SC,South Carolina,* State Total,* State Total,"* State Total, SC",State,Completer Apprentices,1652,22.16,22.38
FY 2025,SC,South Carolina,* State Total,* State Total,"* State Total, SC",State,Completer Apprentices,2002,23.99,20.82
FY 2026,SC,South Carolina,* State Total,* State Total,"* State Total, SC",State,Completer Apprentices,883,26.01,21.56
FY 2020,SD,South Dakota,* State Total,* State Total,"* State Total, SD",State,Completer Apprentices,123,23.15,32.15
FY 2021,SD,South Dakota,* State Total,* State Total,"* State Total, SD",State,Completer Apprentices,153,24.04,21.00
FY 2022,SD,South Dakota,* State Total,* State Total,"* State Total, SD",State,Completer Apprentices,162,28.23,24.87
FY 2023,SD,South Dakota,* State Total,* State Total,"* State Total, SD",State,Completer Apprentices,163,29.16,27.16
FY 2024,SD,South Dakota,* State Total,* State Total,"* State Total, SD",State,Completer Apprentices,210,29.40,18.50
FY 2025,SD,South Dakota,* State Total,* State Total,"* State Total, SD",State,Completer Apprentices,276,29.60,28.00
FY 2026,SD,South Dakota,* State Total,* State Total,"* State Total, SD",State,Completer Apprentices,145,27.04,28.20
FY 2020,TN,Tennessee,* State Total,* State Total,"* State Total, TN",State,Completer Apprentices,811,25.23,27.37
FY 2021,TN,Tennessee,* State Total,* State Total,"* State Total, TN",State,Completer Apprentices,1029,26.01,25.00
FY 2022,TN,Tennessee,* State Total,* State Total,"* State Total, TN",State,Completer Apprentices,1189,26.46,25.71
FY 2023,TN,Tennessee,* State Total,* State Total,"* State Total, TN",State,Completer Apprentices,1342,28.63,25.05
FY 2024,TN,Tennessee,* State Total,* State Total,"* State Total, TN",State,Completer Apprentices,2301,25.88,25.84
FY 2025,TN,Tennessee,* State Total,* State Total,"* State Total, TN",State,Completer Apprentices,2439,27.51,26.00
FY 2026,TN,Tennessee,* State Total,* State Total,"* State Total, TN",State,Completer Apprentices,733,30.26,29.36
FY 2020,TX,Texas,* State Total,* State Total,"* State Total, TX",State,Completer Apprentices,2805,25.89,25.38
FY 2021,TX,Texas,* State Total,* State Total,"* State Total, TX",State,Completer Apprentices,3166,28.13,25.52
FY 2022,TX,Texas,* State Total,* State Total,"* State Total, TX",State,Completer Apprentices,4112,26.98,26.88
FY 2023,TX,Texas,* State Total,* State Total,"* State Total, TX",State,Completer Apprentices,5448,27.86,28.23
FY 2024,TX,Texas,* State Total,* State Total,"* State Total, TX",State,Completer Apprentices,5575,29.84,29.74
FY 2025,TX,Texas,* State Total,* State Total,"* State Total, TX",State,Completer Apprentices,7244,32.57,30.55
FY 2026,TX,Texas,* State Total,* State Total,"* State Total, TX",State,Completer Apprentices,2085,31.14,31.00
FY 2020,UT,Utah,* State Total,* State Total,"* State Total, UT",State,Completer Apprentices,627,29.44,31.10
FY 2021,UT,Utah,* State Total,* State Total,"* State Total, UT",State,Completer Apprentices,715,32.05,29.50
FY 2022,UT,Utah,* State Total,* State Total,"* State Total, UT",State,Completer Apprentices,788,32.36,30.88
FY 2023,UT,Utah,* State Total,* State Total,"* State Total, UT",State,Completer Apprentices,835,31.91,32.12
FY 2024,UT,Utah,* State Total,* State Total,"* State Total, UT",State,Completer Apprentices,826,33.28,35.47
FY 2025,UT,Utah,* State Total,* State Total,"* State Total, UT",State,Completer Apprentices,1034,35.41,31.60
FY 2026,UT,Utah,* State Total,* State Total,"* State Total, UT",State,Completer Apprentices,418,38.11,34.75
FY 2020,VT,Vermont,* State Total,* State Total,"* State Total, VT",State,Completer Apprentices,298,26.53,20.00
FY 2021,VT,Vermont,* State Total,* State Total,"* State Total, VT",State,Completer Apprentices,231,22.11,21.42
FY 2022,VT,Vermont,* State Total,* State Total,"* State Total, VT",State,Completer Apprentices,174,25.02,23.32
FY 2023,VT,Vermont,* State Total,* State Total,"* State Total, VT",State,Completer Apprentices,267,24.83,25.00
FY 2024,VT,Vermont,* State Total,* State Total,"* State Total, VT",State,Completer Apprentices,258,28.73,26.00
FY 2025,VT,Vermont,* State Total,* State Total,"* State Total, VT",State,Completer Apprentices,327,29.75,26.89
FY 2026,VT,Vermont,* State Total,* State Total,"* State Total, VT",State,Completer Apprentices,82,33.78,28.00
FY 2020,VA,Virginia,* State Total,* State Total,"* State Total, VA",State,Completer Apprentices,1223,21.03,18.00
FY 2021,VA,Virginia,* State Total,* State Total,"* State Total, VA",State,Completer Apprentices,1720,21.74,18.00
FY 2022,VA,Virginia,* State Total,* State Total,"* State Total, VA",State,Completer Apprentices,2005,22.63,20.00
FY 2023,VA,Virginia,* State Total,* State Total,"* State Total, VA",State,Completer Apprentices,2170,22.82,19.50
FY 2024,VA,Virginia,* State Total,* State Total,"* State Total, VA",State,Completer Apprentices,2368,22.85,22.00
FY 2025,VA,Virginia,* State Total,* State Total,"* State Total, VA",State,Completer Apprentices,2316,23.35,21.00
FY 2026,VA,Virginia,* State Total,* State Total,"* State Total, VA",State,Completer Apprentices,1350,23.16,24.41
FY 2020,WA,Washington,* State Total,* State Total,"* State Total, WA",State,Completer Apprentices,3136,39.38,40.70
FY 2021,WA,Washington,* State Total,* State Total,"* State Total, WA",State,Completer Apprentices,3155,38.36,39.05
FY 2022,WA,Washington,* State Total,* State Total,"* State Total, WA",State,Completer Apprentices,4122,34.26,32.65
FY 2023,WA,Washington,* State Total,* State Total,"* State Total, WA",State,Completer Apprentices,3864,36.27,34.34
FY 2024,WA,Washington,* State Total,* State Total,"* State Total, WA",State,Completer Apprentices,3681,35.88,41.17
FY 2025,WA,Washington,* State Total,* State Total,"* State Total, WA",State,Completer Apprentices,4217,36.82,47.86
FY 2026,WA,Washington,* State Total,* State Total,"* State Total, WA",State,Completer Apprentices,1372,38.00,42.27
FY 2020,WV,West Virginia,* State Total,* State Total,"* State Total, WV",State,Completer Apprentices,490,23.44,22.23
FY 2021,WV,West Virginia,* State Total,* State Total,"* State Total, WV",State,Completer Apprentices,596,22.43,21.46
FY 2022,WV,West Virginia,* State Total,* State Total,"* State Total, WV",State,Completer Apprentices,682,25.78,21.01
FY 2023,WV,West Virginia,* State Total,* State Total,"* State Total, WV",State,Completer Apprentices,851,26.15,20.20
FY 2024,WV,West Virginia,* State Total,* State Total,"* State Total, WV",State,Completer Apprentices,896,26.66,29.36
FY 2025,WV,West Virginia,* State Total,* State Total,"* State Total, WV",State,Completer Apprentices,582,26.92,29.71
FY 2026,WV,West Virginia,* State Total,* State Total,"* State Total, WV",State,Completer Apprentices,237,26.67,29.59
FY 2020,WI,Wisconsin,* State Total,* State Total,"* State Total, WI",State,Completer Apprentices,1878,31.68,28.02
FY 2021,WI,Wisconsin,* State Total,* State Total,"* State Total, WI",State,Completer Apprentices,2072,32.88,30.62
FY 2022,WI,Wisconsin,* State Total,* State Total,"* State Total, WI",State,Completer Apprentices,2263,33.05,31.30
FY 2023,WI,Wisconsin,* State Total,* State Total,"* State Total, WI",State,Completer Apprentices,2478,34.25,32.14
FY 2024,WI,Wisconsin,* State Total,* State Total,"* State Total, WI",State,Completer Apprentices,2208,36.71,34.92
FY 2025,WI,Wisconsin,* State Total,* State Total,"* State Total, WI",State,Completer Apprentices,2343,39.42,38.53
FY 2026,WI,Wisconsin,* State Total,* State Total,"* State Total, WI",State,Completer Apprentices,560,39.89,35.71
FY 2020,WY,Wyoming,* State Total,* State Total,"* State Total, WY",State,Completer Apprentices,54,30.93,34.14
FY 2021,WY,Wyoming,* State Total,* State Total,"* State Total, WY",State,Completer Apprentices,71,27.47,29.53
FY 2022,WY,Wyoming,* State Total,* State Total,"* State Total, WY",State,Completer Apprentices,68,32.78,32.50
FY 2023,WY,Wyoming,* State Total,* State Total,"* State Total, WY",State,Completer Apprentices,83,33.41,40.00
FY 2024,WY,Wyoming,* State Total,* State Total,"* State Total, WY",State,Completer Apprentices,84,33.11,33.94
FY 2025,WY,Wyoming,* State Total,* State Total,"* State Total, WY",State,Completer Apprentices,93,31.21,34.08
FY 2026,WY,Wyoming,* State Total,* State Total,"* State Total, WY",State,Completer Apprentices,37,41.87,45.00
FY 2020,PR,Puerto Rico,* State Total,* State Total,"* State Total, PR",State,Completer Apprentices,0,,
FY 2021,PR,Puerto Rico,* State Total,* State Total,"* State Total, PR",State,Completer Apprentices,0,,
FY 2022,PR,Puerto Rico,* State Total,* State Total,"* State Total, PR",State,Completer Apprentices,28,9.34,9.51
FY 2023,PR,Puerto Rico,* State Total,* State Total,"* State Total, PR",State,Completer Apprentices,357,19.99,10.89
FY 2024,PR,Puerto Rico,* State Total,* State Total,"* State Total, PR",State,Completer Apprentices,393,19.43,12.49
FY 2025,PR,Puerto Rico,* State Total,* State Total,"* State Total, PR",State,Completer Apprentices,205,21.95,13.81
FY 2026,PR,Puerto Rico,* State Total,* State Total,"* State Total, PR",State,Completer Apprentices,194,16.82,11.88
FY 2020,GU,Guam,* State Total,* State Total,"* State Total, GU",State,Completer Apprentices,43,14.82,15.51
FY 2021,GU,Guam,* State Total,* State Total,"* State Total, GU",State,Completer Apprentices,24,16.12,16.09
FY 2022,GU,Guam,* State Total,* State Total,"* State Total, GU",State,Completer Apprentices,31,17.73,18.05
FY 2023,GU,Guam,* State Total,* State Total,"* State Total, GU",State,Completer Apprentices,66,21.87,21.69
FY 2024,GU,Guam,* State Total,* State Total,"* State Total, GU",State,Completer Apprentices,84,20.22,18.84
FY 2025,GU,Guam,* State Total,* State Total,"* State Total, GU",State,Completer Apprentices,97,20.05,21.00
FY 2026,GU,Guam,* State Total,* State Total,"* State Total, GU",State,Completer Apprentices,61,18.50,18.44
FY 2020,AL,Alabama,* State Total,* State Total,"* State Total, AL",State,New Apprentices,1283,15.83,15.00
FY 2021,AL,Alabama,* State Total,* State Total,"* State Total, AL",State,New Apprentices,1105,15.29,13.75
FY 2022,AL,Alabama,* State Total,* State Total,"* State Total, AL",State,New Apprentices,1475,16.12,15.62
FY 2023,AL,Alabama,* State Total,* State Total,"* State Total, AL",State,New Apprentices,2158,17.39,15.00
FY 2024,AL,Alabama,* State Total,* State Total,"* State Total, AL",State,New Apprentices,2330,18.26,15.07
FY 2025,AL,Alabama,* State Total,* State Total,"* State Total, AL",State,New Apprentices,1948,18.68,15.99
FY 2026,AL,Alabama,* State Total,* State Total,"* State Total, AL",State,New Apprentices,756,18.83,16.50
FY 2020,AK,Alaska,* State Total,* State Total,"* State Total, AK",State,New Apprentices,648,20.27,19.85
FY 2021,AK,Alaska,* State Total,* State Total,"* State Total, AK",State,New Apprentices,795,20.95,19.62
FY 2022,AK,Alaska,* State Total,* State Total,"* State Total, AK",State,New Apprentices,1024,22.14,21.33
FY 2023,AK,Alaska,* State Total,* State Total,"* State Total, AK",State,New Apprentices,946,22.52,22.50
FY 2024,AK,Alaska,* State Total,* State Total,"* State Total, AK",State,New Apprentices,1065,24.60,26.36
FY 2025,AK,Alaska,* State Total,* State Total,"* State Total, AK",State,New Apprentices,1112,26.87,28.48
FY 2026,AK,Alaska,* State Total,* State Total,"* State Total, AK",State,New Apprentices,342,26.74,23.55
FY 2020,AZ,Arizona,* State Total,* State Total,"* State Total, AZ",State,New Apprentices,2028,16.70,15.35
FY 2021,AZ,Arizona,* State Total,* State Total,"* State Total, AZ",State,New Apprentices,2179,17.52,15.00
FY 2022,AZ,Arizona,* State Total,* State Total,"* State Total, AZ",State,New Apprentices,3153,18.46,15.25
FY 2023,AZ,Arizona,* State Total,* State Total,"* State Total, AZ",State,New Apprentices,4066,19.06,18.21
FY 2024,AZ,Arizona,* State Total,* State Total,"* State Total, AZ",State,New Apprentices,4696,19.99,16.63
FY 2025,AZ,Arizona,* State Total,* State Total,"* State Total, AZ",State,New Apprentices,4313,20.34,18.31
FY 2026,AZ,Arizona,* State Total,* State Total,"* State Total, AZ",State,New Apprentices,2027,21.81,21.00
FY 2020,AR,Arkansas,* State Total,* State Total,"* State Total, AR",State,New Apprentices,2013,14.25,12.00
FY 2021,AR,Arkansas,* State Total,* State Total,"* State Total, AR",State,New Apprentices,2772,14.81,12.62
FY 2022,AR,Arkansas,* State Total,* State Total,"* State Total, AR",State,New Apprentices,2819,16.09,15.00
FY 2023,AR,Arkansas,* State Total,* State Total,"* State Total, AR",State,New Apprentices,3186,17.25,15.00
FY 2024,AR,Arkansas,* State Total,* State Total,"* State Total, AR",State,New Apprentices,4722,18.46,15.50
FY 2025,AR,Arkansas,* State Total,* State Total,"* State Total, AR",State,New Apprentices,4544,17.93,16.00
FY 2026,AR,Arkansas,* State Total,* State Total,"* State Total, AR",State,New Apprentices,1555,17.02,16.00
FY 2020,CA,California,* State Total,* State Total,"* State Total, CA",State,New Apprentices,27515,20.33,17.42
FY 2021,CA,California,* State Total,* State Total,"* State Total, CA",State,New Apprentices,25600,20.55,18.90
FY 2022,CA,California,* State Total,* State Total,"* State Total, CA",State,New Apprentices,29877,20.71,19.56
FY 2023,CA,California,* State Total,* State Total,"* State Total, CA",State,New Apprentices,32200,21.92,21.47
FY 2024,CA,California,* State Total,* State Total,"* State Total, CA",State,New Apprentices,34035,22.54,21.63
FY 2025,CA,California,* State Total,* State Total,"* State Total, CA",State,New Apprentices,33899,23.34,23.86
FY 2026,CA,California,* State Total,* State Total,"* State Total, CA",State,New Apprentices,10013,25.49,25.00
FY 2020,CO,Colorado,* State Total,* State Total,"* State Total, CO",State,New Apprentices,2464,17.95,21.00
FY 2021,CO,Colorado,* State Total,* State Total,"* State Total, CO",State,New Apprentices,2531,18.68,20.49
FY 2022,CO,Colorado,* State Total,* State Total,"* State Total, CO",State,New Apprentices,3166,20.46,19.07
FY 2023,CO,Colorado,* State Total,* State Total,"* State Total, CO",State,New Apprentices,3922,21.18,21.00
FY 2024,CO,Colorado,* State Total,* State Total,"* State Total, CO",State,New Apprentices,3798,22.84,22.00
FY 2025,CO,Colorado,* State Total,* State Total,"* State Total, CO",State,New Apprentices,5849,22.57,22.75
FY 2026,CO,Colorado,* State Total,* State Total,"* State Total, CO",State,New Apprentices,2018,24.13,23.34
FY 2020,CT,Connecticut,* State Total,* State Total,"* State Total, CT",State,New Apprentices,2891,27.37,27.04
FY 2021,CT,Connecticut,* State Total,* State Total,"* State Total, CT",State,New Apprentices,3171,19.80,17.49
FY 2022,CT,Connecticut,* State Total,* State Total,"* State Total, CT",State,New Apprentices,3470,20.59,18.30
FY 2023,CT,Connecticut,* State Total,* State Total,"* State Total, CT",State,New Apprentices,3663,23.80,21.20
FY 2024,CT,Connecticut,* State Total,* State Total,"* State Total, CT",State,New Apprentices,3573,30.45,23.48
FY 2025,CT,Connecticut,* State Total,* State Total,"* State Total, CT",State,New Apprentices,2071,25.28,20.10
FY 2026,CT,Connecticut,* State Total,* State Total,"* State Total, CT",State,New Apprentices,308,25.43,20.00
FY 2020,DE,Delaware,* State Total,* State Total,"* State Total, DE",State,New Apprentices,416,16.35,14.99
FY 2021,DE,Delaware,* State Total,* State Total,"* State Total, DE",State,New Apprentices,627,17.17,16.00
FY 2022,DE,Delaware,* State Total,* State Total,"* State Total, DE",State,New Apprentices,653,18.09,16.00
FY 2023,DE,Delaware,* State Total,* State Total,"* State Total, DE",State,New Apprentices,617,18.86,18.00
FY 2024,DE,Delaware,* State Total,* State Total,"* State Total, DE",State,New Apprentices,584,19.61,18.00
FY 2025,DE,Delaware,* State Total,* State Total,"* State Total, DE",State,New Apprentices,734,21.19,19.10
FY 2026,DE,Delaware,* State Total,* State Total,"* State Total, DE",State,New Apprentices,165,20.18,18.00
FY 2020,FL,Florida,* State Total,* State Total,"* State Total, FL",State,New Apprentices,4568,16.11,14.50
FY 2021,FL,Florida,* State Total,* State Total,"* State Total, FL",State,New Apprentices,4763,16.26,14.82
FY 2022,FL,Florida,* State Total,* State Total,"* State Total, FL",State,New Apprentices,5798,17.65,15.58
FY 2023,FL,Florida,* State Total,* State Total,"* State Total, FL",State,New Apprentices,7202,20.07,17.00
FY 2024,FL,Florida,* State Total,* State Total,"* State Total, FL",State,New Apprentices,9349,20.93,18.00
FY 2025,FL,Florida,* State Total,* State Total,"* State Total, FL",State,New Apprentices,10796,21.73,18.75
FY 2026,FL,Florida,* State Total,* State Total,"* State Total, FL",State,New Apprentices,3662,21.67,19.50
FY 2020,GA,Georgia,* State Total,* State Total,"* State Total, GA",State,New Apprentices,3806,14.13,13.93
FY 2021,GA,Georgia,* State Total,* State Total,"* State Total, GA",State,New Apprentices,4477,14.63,16.00
FY 2022,GA,Georgia,* State Total,* State Total,"* State Total, GA",State,New Apprentices,4589,15.93,17.00
FY 2023,GA,Georgia,* State Total,* State Total,"* State Total, GA",State,New Apprentices,3324,18.26,17.82
FY 2024,GA,Georgia,* State Total,* State Total,"* State Total, GA",State,New Apprentices,4287,18.85,18.68
FY 2025,GA,Georgia,* State Total,* State Total,"* State Total, GA",State,New Apprentices,5284,20.13,19.63
FY 2026,GA,Georgia,* State Total,* State Total,"* State Total, GA",State,New Apprentices,2402,21.21,19.25
FY 2020,HI,Hawaii,* State Total,* State Total,"* State Total, HI",State,New Apprentices,1480,19.41,33.53
FY 2021,HI,Hawaii,* State Total,* State Total,"* State Total, HI",State,New Apprentices,1750,19.51,34.59
FY 2022,HI,Hawaii,* State Total,* State Total,"* State Total, HI",State,New Apprentices,1264,20.53,29.32
FY 2023,HI,Hawaii,* State Total,* State Total,"* State Total, HI",State,New Apprentices,1510,21.59,37.75
FY 2024,HI,Hawaii,* State Total,* State Total,"* State Total, HI",State,New Apprentices,1749,22.47,39.61
FY 2025,HI,Hawaii,* State Total,* State Total,"* State Total, HI",State,New Apprentices,1591,23.08,41.22
FY 2026,HI,Hawaii,* State Total,* State Total,"* State Total, HI",State,New Apprentices,501,22.96,32.34
FY 2020,ID,Idaho,* State Total,* State Total,"* State Total, ID",State,New Apprentices,1155,16.76,15.00
FY 2021,ID,Idaho,* State Total,* State Total,"* State Total, ID",State,New Apprentices,1015,16.70,16.31
FY 2022,ID,Idaho,* State Total,* State Total,"* State Total, ID",State,New Apprentices,1458,17.52,15.00
FY 2023,ID,Idaho,* State Total,* State Total,"* State Total, ID",State,New Apprentices,2086,17.68,15.50
FY 2024,ID,Idaho,* State Total,* State Total,"* State Total, ID",State,New Apprentices,2035,19.68,16.55
FY 2025,ID,Idaho,* State Total,* State Total,"* State Total, ID",State,New Apprentices,2227,21.71,19.00
FY 2026,ID,Idaho,* State Total,* State Total,"* State Total, ID",State,New Apprentices,1172,24.09,18.50
FY 2020,IL,Illinois,* State Total,* State Total,"* State Total, IL",State,New Apprentices,4639,21.50,18.10
FY 2021,IL,Illinois,* State Total,* State Total,"* State Total, IL",State,New Apprentices,5376,21.75,19.10
FY 2022,IL,Illinois,* State Total,* State Total,"* State Total, IL",State,New Apprentices,7796,21.74,19.94
FY 2023,IL,Illinois,* State Total,* State Total,"* State Total, IL",State,New Apprentices,7883,22.76,19.48
FY 2024,IL,Illinois,* State Total,* State Total,"* State Total, IL",State,New Apprentices,8702,23.03,19.80
FY 2025,IL,Illinois,* State Total,* State Total,"* State Total, IL",State,New Apprentices,9335,24.35,21.48
FY 2026,IL,Illinois,* State Total,* State Total,"* State Total, IL",State,New Apprentices,3253,23.57,22.69
FY 2020,IN,Indiana,* State Total,* State Total,"* State Total, IN",State,New Apprentices,8191,15.87,17.55
FY 2021,IN,Indiana,* State Total,* State Total,"* State Total, IN",State,New Apprentices,9532,16.43,17.53
FY 2022,IN,Indiana,* State Total,* State Total,"* State Total, IN",State,New Apprentices,10616,17.35,19.84
FY 2023,IN,Indiana,* State Total,* State Total,"* State Total, IN",State,New Apprentices,10774,17.88,19.43
FY 2024,IN,Indiana,* State Total,* State Total,"* State Total, IN",State,New Apprentices,11516,18.84,20.05
FY 2025,IN,Indiana,* State Total,* State Total,"* State Total, IN",State,New Apprentices,11463,19.24,22.16
FY 2026,IN,Indiana,* State Total,* State Total,"* State Total, IN",State,New Apprentices,4417,18.07,22.12
FY 2020,IA,Iowa,* State Total,* State Total,"* State Total, IA",State,New Apprentices,2858,17.22,15.00
FY 2021,IA,Iowa,* State Total,* State Total,"* State Total, IA",State,New Apprentices,3986,18.92,15.00
FY 2022,IA,Iowa,* State Total,* State Total,"* State Total, IA",State,New Apprentices,5032,18.87,15.68
FY 2023,IA,Iowa,* State Total,* State Total,"* State Total, IA",State,New Apprentices,5646,19.29,16.00
FY 2024,IA,Iowa,* State Total,* State Total,"* State Total, IA",State,New Apprentices,4183,20.02,17.00
FY 2025,IA,Iowa,* State Total,* State Total,"* State Total, IA",State,New Apprentices,4656,22.60,17.50
FY 2026,IA,Iowa,* State Total,* State Total,"* State Total, IA",State,New Apprentices,2158,24.73,18.00
FY 2020,KS,Kansas,* State Total,* State Total,"* State Total, KS",State,New Apprentices,653,16.51,18.00
FY 2021,KS,Kansas,* State Total,* State Total,"* State Total, KS",State,New Apprentices,895,17.26,18.00
FY 2022,KS,Kansas,* State Total,* State Total,"* State Total, KS",State,New Apprentices,1070,17.93,18.70
FY 2023,KS,Kansas,* State Total,* State Total,"* State Total, KS",State,New Apprentices,1110,18.78,20.44
FY 2024,KS,Kansas,* State Total,* State Total,"* State Total, KS",State,New Apprentices,1698,20.38,20.95
FY 2025,KS,Kansas,* State Total,* State Total,"* State Total, KS",State,New Apprentices,2178,20.26,19.00
FY 2026,KS,Kansas,* State Total,* State Total,"* State Total, KS",State,New Apprentices,682,19.66,21.80
FY 2020,KY,Kentucky,* State Total,* State Total,"* State Total, KY",State,New Apprentices,1897,17.03,14.00
FY 2021,KY,Kentucky,* State Total,* State Total,"* State Total, KY",State,New Apprentices,1996,17.86,14.02
FY 2022,KY,Kentucky,* State Total,* State Total,"* State Total, KY",State,New Apprentices,3118,19.16,17.20
FY 2023,KY,Kentucky,* State Total,* State Total,"* State Total, KY",State,New Apprentices,3600,19.06,16.86
FY 2024,KY,Kentucky,* State Total,* State Total,"* State Total, KY",State,New Apprentices,3704,20.63,16.06
FY 2025,KY,Kentucky,* State Total,* State Total,"* State Total, KY",State,New Apprentices,2981,20.79,16.65
FY 2026,KY,Kentucky,* State Total,* State Total,"* State Total, KY",State,New Apprentices,1078,21.63,16.54
FY 2020,LA,Louisiana,* State Total,* State Total,"* State Total, LA",State,New Apprentices,804,14.88,14.33
FY 2021,LA,Louisiana,* State Total,* State Total,"* State Total, LA",State,New Apprentices,1086,15.59,13.69
FY 2022,LA,Louisiana,* State Total,* State Total,"* State Total, LA",State,New Apprentices,1386,16.68,15.00
FY 2023,LA,Louisiana,* State Total,* State Total,"* State Total, LA",State,New Apprentices,1670,19.23,15.57
FY 2024,LA,Louisiana,* State Total,* State Total,"* State Total, LA",State,New Apprentices,2019,19.40,16.06
FY 2025,LA,Louisiana,* State Total,* State Total,"* State Total, LA",State,New Apprentices,1774,18.92,17.31
FY 2026,LA,Louisiana,* State Total,* State Total,"* State Total, LA",State,New Apprentices,774,21.18,18.00
FY 2020,ME,Maine,* State Total,* State Total,"* State Total, ME",State,New Apprentices,465,17.63,16.73
FY 2021,ME,Maine,* State Total,* State Total,"* State Total, ME",State,New Apprentices,512,17.85,18.12
FY 2022,ME,Maine,* State Total,* State Total,"* State Total, ME",State,New Apprentices,454,19.28,18.00
FY 2023,ME,Maine,* State Total,* State Total,"* State Total, ME",State,New Apprentices,752,19.83,17.56
FY 2024,ME,Maine,* State Total,* State Total,"* State Total, ME",State,New Apprentices,861,21.95,19.00
FY 2025,ME,Maine,* State Total,* State Total,"* State Total, ME",State,New Apprentices,998,22.04,19.76
FY 2026,ME,Maine,* State Total,* State Total,"* State Total, ME",State,New Apprentices,332,21.18,20.00
FY 2020,MD,Maryland,* State Total,* State Total,"* State Total, MD",State,New Apprentices,5244,17.46,16.25
FY 2021,MD,Maryland,* State Total,* State Total,"* State Total, MD",State,New Apprentices,5878,17.95,16.00
FY 2022,MD,Maryland,* State Total,* State Total,"* State Total, MD",State,New Apprentices,6288,18.85,15.05
FY 2023,MD,Maryland,* State Total,* State Total,"* State Total, MD",State,New Apprentices,7002,19.15,16.95
FY 2024,MD,Maryland,* State Total,* State Total,"* State Total, MD",State,New Apprentices,8223,20.70,17.75
FY 2025,MD,Maryland,* State Total,* State Total,"* State Total, MD",State,New Apprentices,4120,21.92,19.24
FY 2026,MD,Maryland,* State Total,* State Total,"* State Total, MD",State,New Apprentices,807,22.36,20.50
FY 2020,MA,Massachusetts,* State Total,* State Total,"* State Total, MA",State,New Apprentices,2346,18.93,16.50
FY 2021,MA,Massachusetts,* State Total,* State Total,"* State Total, MA",State,New Apprentices,3218,20.51,20.13
FY 2022,MA,Massachusetts,* State Total,* State Total,"* State Total, MA",State,New Apprentices,2421,20.61,15.85
FY 2023,MA,Massachusetts,* State Total,* State Total,"* State Total, MA",State,New Apprentices,2770,20.41,15.66
FY 2024,MA,Massachusetts,* State Total,* State Total,"* State Total, MA",State,New Apprentices,1798,20.78,18.31
FY 2025,MA,Massachusetts,* State Total,* State Total,"* State Total, MA",State,New Apprentices,3058,21.74,16.51
FY 2026,MA,Massachusetts,* State Total,* State Total,"* State Total, MA",State,New Apprentices,589,22.06,17.00
FY 2020,MI,Michigan,* State Total,* State Total,"* State Total, MI",State,New Apprentices,5951,16.50,16.00
FY 2021,MI,Michigan,* State Total,* State Total,"* State Total, MI",State,New Apprentices,6075,18.63,16.85
FY 2022,MI,Michigan,* State Total,* State Total,"* State Total, MI",State,New Apprentices,6592,19.80,18.00
FY 2023,MI,Michigan,* State Total,* State Total,"* State Total, MI",State,New Apprentices,6976,20.68,19.14
FY 2024,MI,Michigan,* State Total,* State Total,"* State Total, MI",State,New Apprentices,8604,21.17,19.74
FY 2025,MI,Michigan,* State Total,* State Total,"* State Total, MI",State,New Apprentices,8659,21.53,20.21
FY 2026,MI,Michigan,* State Total,* State Total,"* State Total, MI",State,New Apprentices,2997,23.15,19.00
FY 2020,MN,Minnesota,* State Total,* State Total,"* State Total, MN",State,New Apprentices,2783,22.70,23.77
FY 2021,MN,Minnesota,* State Total,* State Total,"* State Total, MN",State,New Apprentices,3195,24.02,24.95
FY 2022,MN,Minnesota,* State Total,* State Total,"* State Total, MN",State,New Apprentices,3806,24.51,26.51
FY 2023,MN,Minnesota,* State Total,* State Total,"* State Total, MN",State,New Apprentices,4623,26.08,26.16
FY 2024,MN,Minnesota,* State Total,* State Total,"* State Total, MN",State,New Apprentices,4334,28.09,26.66
FY 2025,MN,Minnesota,* State Total,* State Total,"* State Total, MN",State,New Apprentices,4997,29.39,26.19
FY 2026,MN,Minnesota,* State Total,* State Total,"* State Total, MN",State,New Apprentices,1263,29.64,28.81
FY 2020,MS,Mississippi,* State Total,* State Total,"* State Total, MS",State,New Apprentices,1529,14.98,16.21
FY 2021,MS,Mississippi,* State Total,* State Total,"* State Total, MS",State,New Apprentices,1792,14.20,12.87
FY 2022,MS,Mississippi,* State Total,* State Total,"* State Total, MS",State,New Apprentices,2747,17.14,15.18
FY 2023,MS,Mississippi,* State Total,* State Total,"* State Total, MS",State,New Apprentices,3836,18.16,18.25
FY 2024,MS,Mississippi,* State Total,* State Total,"* State Total, MS",State,New Apprentices,2698,17.84,18.75
FY 2025,MS,Mississippi,* State Total,* State Total,"* State Total, MS",State,New Apprentices,2999,18.48,18.00
FY 2026,MS,Mississippi,* State Total,* State Total,"* State Total, MS",State,New Apprentices,912,19.30,20.00
FY 2020,MO,Missouri,* State Total,* State Total,"* State Total, MO",State,New Apprentices,7181,19.03,15.28
FY 2021,MO,Missouri,* State Total,* State Total,"* State Total, MO",State,New Apprentices,7811,20.08,16.51
FY 2022,MO,Missouri,* State Total,* State Total,"* State Total, MO",State,New Apprentices,11098,20.02,16.35
FY 2023,MO,Missouri,* State Total,* State Total,"* State Total, MO",State,New Apprentices,11884,21.07,18.33
FY 2024,MO,Missouri,* State Total,* State Total,"* State Total, MO",State,New Apprentices,13851,20.25,18.00
FY 2025,MO,Missouri,* State Total,* State Total,"* State Total, MO",State,New Apprentices,12122,20.94,15.65
FY 2026,MO,Missouri,* State Total,* State Total,"* State Total, MO",State,New Apprentices,5094,21.31,19.00
FY 2020,MT,Montana,* State Total,* State Total,"* State Total, MT",State,New Apprentices,701,17.10,16.96
FY 2021,MT,Montana,* State Total,* State Total,"* State Total, MT",State,New Apprentices,710,17.50,16.51
FY 2022,MT,Montana,* State Total,* State Total,"* State Total, MT",State,New Apprentices,839,19.95,18.00
FY 2023,MT,Montana,* State Total,* State Total,"* State Total, MT",State,New Apprentices,913,21.00,20.00
FY 2024,MT,Montana,* State Total,* State Total,"* State Total, MT",State,New Apprentices,1022,22.29,20.00
FY 2025,MT,Montana,* State Total,* State Total,"* State Total, MT",State,New Apprentices,892,22.91,20.00
FY 2026,MT,Montana,* State Total,* State Total,"* State Total, MT",State,New Apprentices,420,23.19,21.00
FY 2020,NE,Nebraska,* State Total,* State Total,"* State Total, NE",State,New Apprentices,2493,12.50,13.50
FY 2021,NE,Nebraska,* State Total,* State Total,"* State Total, NE",State,New Apprentices,2961,12.14,18.55
FY 2022,NE,Nebraska,* State Total,* State Total,"* State Total, NE",State,New Apprentices,3659,12.40,18.88
FY 2023,NE,Nebraska,* State Total,* State Total,"* State Total, NE",State,New Apprentices,3635,16.41,24.95
FY 2024,NE,Nebraska,* State Total,* State Total,"* State Total, NE",State,New Apprentices,3320,19.82,25.67
FY 2025,NE,Nebraska,* State Total,* State Total,"* State Total, NE",State,New Apprentices,4004,18.88,22.06
FY 2026,NE,Nebraska,* State Total,* State Total,"* State Total, NE",State,New Apprentices,1291,18.64,21.00
FY 2020,NV,Nevada,* State Total,* State Total,"* State Total, NV",State,New Apprentices,1986,20.09,19.59
FY 2021,NV,Nevada,* State Total,* State Total,"* State Total, NV",State,New Apprentices,1785,19.87,19.15
FY 2022,NV,Nevada,* State Total,* State Total,"* State Total, NV",State,New Apprentices,2155,22.23,19.82
FY 2023,NV,Nevada,* State Total,* State Total,"* State Total, NV",State,New Apprentices,2943,23.14,23.84
FY 2024,NV,Nevada,* State Total,* State Total,"* State Total, NV",State,New Apprentices,2840,20.52,20.00
FY 2025,NV,Nevada,* State Total,* State Total,"* State Total, NV",State,New Apprentices,3988,22.01,21.00
FY 2026,NV,Nevada,* State Total,* State Total,"* State Total, NV",State,New Apprentices,1387,23.27,21.83
FY 2020,NH,New Hampshire,* State Total,* State Total,"* State Total, NH",State,New Apprentices,1069,17.69,15.00
FY 2021,NH,New Hampshire,* State Total,* State Total,"* State Total, NH",State,New Apprentices,1171,16.32,15.73
FY 2022,NH,New Hampshire,* State Total,* State Total,"* State Total, NH",State,New Apprentices,1350,18.20,16.00
FY 2023,NH,New Hampshire,* State Total,* State Total,"* State Total, NH",State,New Apprentices,1522,18.95,16.17
FY 2024,NH,New Hampshire,* State Total,* State Total,"* State Total, NH",State,New Apprentices,1567,20.34,17.76
FY 2025,NH,New Hampshire,* State Total,* State Total,"* State Total, NH",State,New Apprentices,1325,19.18,18.00
FY 2026,NH,New Hampshire,* State Total,* State Total,"* State Total, NH",State,New Apprentices,475,21.09,17.47
FY 2020,NJ,New Jersey,* State Total,* State Total,"* State Total, NJ",State,New Apprentices,1735,19.99,17.00
FY 2021,NJ,New Jersey,* State Total,* State Total,"* State Total, NJ",State,New Apprentices,2615,22.44,17.00
FY 2022,NJ,New Jersey,* State Total,* State Total,"* State Total, NJ",State,New Apprentices,3604,21.94,17.30
FY 2023,NJ,New Jersey,* State Total,* State Total,"* State Total, NJ",State,New Apprentices,4437,23.33,19.00
FY 2024,NJ,New Jersey,* State Total,* State Total,"* State Total, NJ",State,New Apprentices,4543,23.73,19.78
FY 2025,NJ,New Jersey,* State Total,* State Total,"* State Total, NJ",State,New Apprentices,5420,25.16,20.00
FY 2026,NJ,New Jersey,* State Total,* State Total,"* State Total, NJ",State,New Apprentices,1784,24.27,19.23
FY 2020,NM,New Mexico,* State Total,* State Total,"* State Total, NM",State,New Apprentices,755,16.85,14.68
FY 2021,NM,New Mexico,* State Total,* State Total,"* State Total, NM",State,New Apprentices,978,18.16,16.75
FY 2022,NM,New Mexico,* State Total,* State Total,"* State Total, NM",State,New Apprentices,1388,18.76,18.50
FY 2023,NM,New Mexico,* State Total,* State Total,"* State Total, NM",State,New Apprentices,1669,18.73,18.87
FY 2024,NM,New Mexico,* State Total,* State Total,"* State Total, NM",State,New Apprentices,1236,20.19,17.76
FY 2025,NM,New Mexico,* State Total,* State Total,"* State Total, NM",State,New Apprentices,934,22.33,16.76
FY 2026,NM,New Mexico,* State Total,* State Total,"* State Total, NM",State,New Apprentices,207,31.91,30.70
FY 2020,NY,New York,* State Total,* State Total,"* State Total, NY",State,New Apprentices,4124,19.87,17.43
FY 2021,NY,New York,* State Total,* State Total,"* State Total, NY",State,New Apprentices,4450,21.45,20.12
FY 2022,NY,New York,* State Total,* State Total,"* State Total, NY",State,New Apprentices,5696,20.01,17.68
FY 2023,NY,New York,* State Total,* State Total,"* State Total, NY",State,New Apprentices,6140,23.78,20.84
FY 2024,NY,New York,* State Total,* State Total,"* State Total, NY",State,New Apprentices,5887,23.96,19.61
FY 2025,NY,New York,* State Total,* State Total,"* State Total, NY",State,New Apprentices,7025,23.98,21.00
FY 2026,NY,New York,* State Total,* State Total,"* State Total, NY",State,New Apprentices,756,23.12,20.00
FY 2020,NC,North Carolina,* State Total,* State Total,"* State Total, NC",State,New Apprentices,4532,13.58,11.00
FY 2021,NC,North Carolina,* State Total,* State Total,"* State Total, NC",State,New Apprentices,4790,14.73,13.00
FY 2022,NC,North Carolina,* State Total,* State Total,"* State Total, NC",State,New Apprentices,5229,16.33,13.00
FY 2023,NC,North Carolina,* State Total,* State Total,"* State Total, NC",State,New Apprentices,6298,17.14,14.50
FY 2024,NC,North Carolina,* State Total,* State Total,"* State Total, NC",State,New Apprentices,5335,16.87,14.78
FY 2025,NC,North Carolina,* State Total,* State Total,"* State Total, NC",State,New Apprentices,6949,18.54,15.00
FY 2026,NC,North Carolina,* State Total,* State Total,"* State Total, NC",State,New Apprentices,2000,18.84,15.75
FY 2020,ND,North Dakota,* State Total,* State Total,"* State Total, ND",State,New Apprentices,265,22.42,26.17
FY 2021,ND,North Dakota,* State Total,* State Total,"* State Total, ND",State,New Apprentices,362,21.05,26.91
FY 2022,ND,North Dakota,* State Total,* State Total,"* State Total, ND",State,New Apprentices,461,22.85,28.47
FY 2023,ND,North Dakota,* State Total,* State Total,"* State Total, ND",State,New Apprentices,485,22.36,37.16
FY 2024,ND,North Dakota,* State Total,* State Total,"* State Total, ND",State,New Apprentices,914,19.96,28.17
FY 2025,ND,North Dakota,* State Total,* State Total,"* State Total, ND",State,New Apprentices,1199,19.66,31.24
FY 2026,ND,North Dakota,* State Total,* State Total,"* State Total, ND",State,New Apprentices,234,20.66,32.14
FY 2020,OH,Ohio,* State Total,* State Total,"* State Total, OH",State,New Apprentices,7596,16.90,17.00
FY 2021,OH,Ohio,* State Total,* State Total,"* State Total, OH",State,New Apprentices,7829,18.62,17.93
FY 2022,OH,Ohio,* State Total,* State Total,"* State Total, OH",State,New Apprentices,9766,18.88,17.70
FY 2023,OH,Ohio,* State Total,* State Total,"* State Total, OH",State,New Apprentices,9705,19.60,19.98
FY 2024,OH,Ohio,* State Total,* State Total,"* State Total, OH",State,New Apprentices,11545,20.78,20.44
FY 2025,OH,Ohio,* State Total,* State Total,"* State Total, OH",State,New Apprentices,11836,21.71,21.06
FY 2026,OH,Ohio,* State Total,* State Total,"* State Total, OH",State,New Apprentices,3769,23.54,21.26
FY 2020,OK,Oklahoma,* State Total,* State Total,"* State Total, OK",State,New Apprentices,659,19.46,17.11
FY 2021,OK,Oklahoma,* State Total,* State Total,"* State Total, OK",State,New Apprentices,423,19.65,19.41
FY 2022,OK,Oklahoma,* State Total,* State Total,"* State Total, OK",State,New Apprentices,561,20.23,17.90
FY 2023,OK,Oklahoma,* State Total,* State Total,"* State Total, OK",State,New Apprentices,954,21.84,19.75
FY 2024,OK,Oklahoma,* State Total,* State Total,"* State Total, OK",State,New Apprentices,1156,20.80,18.00
FY 2025,OK,Oklahoma,* State Total,* State Total,"* State Total, OK",State,New Apprentices,1226,21.05,18.22
FY 2026,OK,Oklahoma,* State Total,* State Total,"* State Total, OK",State,New Apprentices,546,21.37,18.25
FY 2020,OR,Oregon,* State Total,* State Total,"* State Total, OR",State,New Apprentices,2859,26.36,25.27
FY 2021,OR,Oregon,* State Total,* State Total,"* State Total, OR",State,New Apprentices,3532,25.08,23.48
FY 2022,OR,Oregon,* State Total,* State Total,"* State Total, OR",State,New Apprentices,4118,25.31,23.06
FY 2023,OR,Oregon,* State Total,* State Total,"* State Total, OR",State,New Apprentices,3842,25.30,22.38
FY 2024,OR,Oregon,* State Total,* State Total,"* State Total, OR",State,New Apprentices,4066,26.31,24.31
FY 2025,OR,Oregon,* State Total,* State Total,"* State Total, OR",State,New Apprentices,2787,24.77,23.06
FY 2026,OR,Oregon,* State Total,* State Total,"* State Total, OR",State,New Apprentices,480,24.22,23.84
FY 2020,PA,Pennsylvania,* State Total,* State Total,"* State Total, PA",State,New Apprentices,4294,18.07,16.45
FY 2021,PA,Pennsylvania,* State Total,* State Total,"* State Total, PA",State,New Apprentices,5022,18.23,18.03
FY 2022,PA,Pennsylvania,* State Total,* State Total,"* State Total, PA",State,New Apprentices,5022,19.46,19.32
FY 2023,PA,Pennsylvania,* State Total,* State Total,"* State Total, PA",State,New Apprentices,5716,20.44,19.98
FY 2024,PA,Pennsylvania,* State Total,* State Total,"* State Total, PA",State,New Apprentices,6091,21.85,19.70
FY 2025,PA,Pennsylvania,* State Total,* State Total,"* State Total, PA",State,New Apprentices,6170,22.08,21.35
FY 2026,PA,Pennsylvania,* State Total,* State Total,"* State Total, PA",State,New Apprentices,2000,21.88,20.55
FY 2020,RI,Rhode Island,* State Total,* State Total,"* State Total, RI",State,New Apprentices,911,16.26,15.00
FY 2021,RI,Rhode Island,* State Total,* State Total,"* State Total, RI",State,New Apprentices,1006,17.75,16.35
FY 2022,RI,Rhode Island,* State Total,* State Total,"* State Total, RI",State,New Apprentices,927,18.76,18.00
FY 2023,RI,Rhode Island,* State Total,* State Total,"* State Total, RI",State,New Apprentices,1019,20.30,20.00
FY 2024,RI,Rhode Island,* State Total,* State Total,"* State Total, RI",State,New Apprentices,1023,21.61,20.25
FY 2025,RI,Rhode Island,* State Total,* State Total,"* State Total, RI",State,New Apprentices,1024,22.22,21.00
FY 2026,RI,Rhode Island,* State Total,* State Total,"* State Total, RI",State,New Apprentices,312,23.31,22.00
FY 2020,SC,South Carolina,* State Total,* State Total,"* State Total, SC",State,New Apprentices,2381,15.50,13.25
FY 2021,SC,South Carolina,* State Total,* State Total,"* State Total, SC",State,New Apprentices,2951,16.00,15.00
FY 2022,SC,South Carolina,* State Total,* State Total,"* State Total, SC",State,New Apprentices,4411,16.79,15.46
FY 2023,SC,South Carolina,* State Total,* State Total,"* State Total, SC",State,New Apprentices,4294,18.94,16.00
FY 2024,SC,South Carolina,* State Total,* State Total,"* State Total, SC",State,New Apprentices,4290,19.54,17.00
FY 2025,SC,South Carolina,* State Total,* State Total,"* State Total, SC",State,New Apprentices,4043,20.28,16.20
FY 2026,SC,South Carolina,* State Total,* State Total,"* State Total, SC",State,New Apprentices,1453,23.66,16.27
FY 2020,SD,South Dakota,* State Total,* State Total,"* State Total, SD",State,New Apprentices,373,16.96,15.66
FY 2021,SD,South Dakota,* State Total,* State Total,"* State Total, SD",State,New Apprentices,554,17.02,16.37
FY 2022,SD,South Dakota,* State Total,* State Total,"* State Total, SD",State,New Apprentices,603,18.72,18.82
FY 2023,SD,South Dakota,* State Total,* State Total,"* State Total, SD",State,New Apprentices,838,19.77,18.53
FY 2024,SD,South Dakota,* State Total,* State Total,"* State Total, SD",State,New Apprentices,887,19.52,19.00
FY 2025,SD,South Dakota,* State Total,* State Total,"* State Total, SD",State,New Apprentices,976,22.36,17.50
FY 2026,SD,South Dakota,* State Total,* State Total,"* State Total, SD",State,New Apprentices,307,24.97,20.00
FY 2020,TN,Tennessee,* State Total,* State Total,"* State Total, TN",State,New Apprentices,2083,15.32,15.36
FY 2021,TN,Tennessee,* State Total,* State Total,"* State Total, TN",State,New Apprentices,3074,14.87,14.00
FY 2022,TN,Tennessee,* State Total,* State Total,"* State Total, TN",State,New Apprentices,4006,17.00,16.00
FY 2023,TN,Tennessee,* State Total,* State Total,"* State Total, TN",State,New Apprentices,7226,18.28,18.43
FY 2024,TN,Tennessee,* State Total,* State Total,"* State Total, TN",State,New Apprentices,5572,18.18,18.52
FY 2025,TN,Tennessee,* State Total,* State Total,"* State Total, TN",State,New Apprentices,4761,19.29,18.00
FY 2026,TN,Tennessee,* State Total,* State Total,"* State Total, TN",State,New Apprentices,2220,19.97,19.50
FY 2020,TX,Texas,* State Total,* State Total,"* State Total, TX",State,New Apprentices,8397,15.94,15.50
FY 2021,TX,Texas,* State Total,* State Total,"* State Total, TX",State,New Apprentices,10426,16.92,15.23
FY 2022,TX,Texas,* State Total,* State Total,"* State Total, TX",State,New Apprentices,12978,18.22,16.38
FY 2023,TX,Texas,* State Total,* State Total,"* State Total, TX",State,New Apprentices,17965,19.90,17.00
FY 2024,TX,Texas,* State Total,* State Total,"* State Total, TX",State,New Apprentices,19432,19.74,18.00
FY 2025,TX,Texas,* State Total,* State Total,"* State Total, TX",State,New Apprentices,24016,19.78,18.40
FY 2026,TX,Texas,* State Total,* State Total,"* State Total, TX",State,New Apprentices,9706,21.25,20.25
FY 2020,UT,Utah,* State Total,* State Total,"* State Total, UT",State,New Apprentices,1645,17.67,17.95
FY 2021,UT,Utah,* State Total,* State Total,"* State Total, UT",State,New Apprentices,1932,19.66,19.56
FY 2022,UT,Utah,* State Total,* State Total,"* State Total, UT",State,New Apprentices,1851,21.07,18.00
FY 2023,UT,Utah,* State Total,* State Total,"* State Total, UT",State,New Apprentices,2275,20.88,20.00
FY 2024,UT,Utah,* State Total,* State Total,"* State Total, UT",State,New Apprentices,2376,23.25,20.00
FY 2025,UT,Utah,* State Total,* State Total,"* State Total, UT",State,New Apprentices,2245,25.45,22.05
FY 2026,UT,Utah,* State Total,* State Total,"* State Total, UT",State,New Apprentices,920,23.66,24.00
FY 2020,VT,Vermont,* State Total,* State Total,"* State Total, VT",State,New Apprentices,438,16.76,15.08
FY 2021,VT,Vermont,* State Total,* State Total,"* State Total, VT",State,New Apprentices,503,17.81,16.25
FY 2022,VT,Vermont,* State Total,* State Total,"* State Total, VT",State,New Apprentices,579,18.90,18.25
FY 2023,VT,Vermont,* State Total,* State Total,"* State Total, VT",State,New Apprentices,777,18.87,18.50
FY 2024,VT,Vermont,* State Total,* State Total,"* State Total, VT",State,New Apprentices,789,20.04,22.25
FY 2025,VT,Vermont,* State Total,* State Total,"* State Total, VT",State,New Apprentices,680,21.06,20.26
FY 2026,VT,Vermont,* State Total,* State Total,"* State Total, VT",State,New Apprentices,303,21.45,21.75
FY 2020,VA,Virginia,* State Total,* State Total,"* State Total, VA",State,New Apprentices,3823,14.03,10.49
FY 2021,VA,Virginia,* State Total,* State Total,"* State Total, VA",State,New Apprentices,4426,14.53,12.07
FY 2022,VA,Virginia,* State Total,* State Total,"* State Total, VA",State,New Apprentices,5242,15.78,13.75
FY 2023,VA,Virginia,* State Total,* State Total,"* State Total, VA",State,New Apprentices,5476,16.82,14.38
FY 2024,VA,Virginia,* State Total,* State Total,"* State Total, VA",State,New Apprentices,6237,16.50,15.91
FY 2025,VA,Virginia,* State Total,* State Total,"* State Total, VA",State,New Apprentices,5852,17.57,16.00
FY 2026,VA,Virginia,* State Total,* State Total,"* State Total, VA",State,New Apprentices,1875,18.58,17.00
FY 2020,WA,Washington,* State Total,* State Total,"* State Total, WA",State,New Apprentices,4877,22.65,23.77
FY 2021,WA,Washington,* State Total,* State Total,"* State Total, WA",State,New Apprentices,8000,23.26,25.04
FY 2022,WA,Washington,* State Total,* State Total,"* State Total, WA",State,New Apprentices,8524,24.66,23.88
FY 2023,WA,Washington,* State Total,* State Total,"* State Total, WA",State,New Apprentices,8331,23.53,24.45
FY 2024,WA,Washington,* State Total,* State Total,"* State Total, WA",State,New Apprentices,9347,24.67,25.55
FY 2025,WA,Washington,* State Total,* State Total,"* State Total, WA",State,New Apprentices,7533,26.39,27.76
FY 2026,WA,Washington,* State Total,* State Total,"* State Total, WA",State,New Apprentices,2326,25.76,26.46
FY 2020,WV,West Virginia,* State Total,* State Total,"* State Total, WV",State,New Apprentices,1290,15.30,14.37
FY 2021,WV,West Virginia,* State Total,* State Total,"* State Total, WV",State,New Apprentices,1981,16.52,14.88
FY 2022,WV,West Virginia,* State Total,* State Total,"* State Total, WV",State,New Apprentices,114261,18.22,15.90
FY 2023,WV,West Virginia,* State Total,* State Total,"* State Total, WV",State,New Apprentices,116021,18.28,17.66
FY 2024,WV,West Virginia,* State Total,* State Total,"* State Total, WV",State,New Apprentices,119595,17.75,18.22
FY 2025,WV,West Virginia,* State Total,* State Total,"* State Total, WV",State,New Apprentices,116236,18.55,15.79
FY 2026,WV,West Virginia,* State Total,* State Total,"* State Total, WV",State,New Apprentices,114261,19.24,17.84
FY 2020,WI,Wisconsin,* State Total,* State Total,"* State Total, WI",State,New Apprentices,10603,17.27,18.10
FY 2021,WI,Wisconsin,* State Total,* State Total,"* State Total, WI",State,New Apprentices,10715,16.51,19.77
FY 2022,WI,Wisconsin,* State Total,* State Total,"* State Total, WI",State,New Apprentices,11458,18.82,20.24
FY 2023,WI,Wisconsin,* State Total,* State Total,"* State Total, WI",State,New Apprentices,12356,21.38,22.69
FY 2024,WI,Wisconsin,* State Total,* State Total,"* State Total, WI",State,New Apprentices,13090,22.22,21.00
FY 2025,WI,Wisconsin,* State Total,* State Total,"* State Total, WI",State,New Apprentices,13836,23.67,22.70
FY 2026,WI,Wisconsin,* State Total,* State Total,"* State Total, WI",State,New Apprentices,13624,22.49,25.00
FY 2020,WY,Wyoming,* State Total,* State Total,"* State Total, WY",State,New Apprentices,443,17.89,20.66
FY 2021,WY,Wyoming,* State Total,* State Total,"* State Total, WY",State,New Apprentices,397,17.29,17.55
FY 2022,WY,Wyoming,* State Total,* State Total,"* State Total, WY",State,New Apprentices,390,20.15,18.61
FY 2023,WY,Wyoming,* State Total,* State Total,"* State Total, WY",State,New Apprentices,416,21.68,20.00
FY 2024,WY,Wyoming,* State Total,* State Total,"* State Total, WY",State,New Apprentices,498,24.05,22.02
FY 2025,WY,Wyoming,* State Total,* State Total,"* State Total, WY",State,New Apprentices,604,26.75,23.25
FY 2026,WY,Wyoming,* State Total,* State Total,"* State Total, WY",State,New Apprentices,644,24.44,21.62
FY 2020,PR,Puerto Rico,* State Total,* State Total,"* State Total, PR",State,New Apprentices,185,10.42,7.62
FY 2021,PR,Puerto Rico,* State Total,* State Total,"* State Total, PR",State,New Apprentices,413,10.57,9.00
FY 2022,PR,Puerto Rico,* State Total,* State Total,"* State Total, PR",State,New Apprentices,775,17.56,10.37
FY 2023,PR,Puerto Rico,* State Total,* State Total,"* State Total, PR",State,New Apprentices,998,13.96,10.00
FY 2024,PR,Puerto Rico,* State Total,* State Total,"* State Total, PR",State,New Apprentices,1117,14.54,10.50
FY 2025,PR,Puerto Rico,* State Total,* State Total,"* State Total, PR",State,New Apprentices,1913,15.88,12.25
FY 2026,PR,Puerto Rico,* State Total,* State Total,"* State Total, PR",State,New Apprentices,2403,15.55,11.25
FY 2020,GU,Guam,* State Total,* State Total,"* State Total, GU",State,New Apprentices,527,14.13,13.63
FY 2021,GU,Guam,* State Total,* State Total,"* State Total, GU",State,New Apprentices,562,13.29,13.02
FY 2022,GU,Guam,* State Total,* State Total,"* State Total, GU",State,New Apprentices,580,12.37,12.00
FY 2023,GU,Guam,* State Total,* State Total,"* State Total, GU",State,New Apprentices,631,13.02,12.13
FY 2024,GU,Guam,* State Total,* State Total,"* State Total, GU",State,New Apprentices,722,14.25,14.00
FY 2025,GU,Guam,* State Total,* State Total,"* State Total, GU",State,New Apprentices,856,14.98,14.85
FY 2026,GU,Guam,* State Total,* State Total,"* State Total, GU",State,New Apprentices,891,14.91,15.00
